priority,category,stage,filename,current_path,git_status,historical_commit,historical_path,size,sha256,description,why_yifeng_needs_it,already_on_github,safe_to_copy,notes
"MUST_TAKE","ALREADY_ON_GITHUB","1-13","PXRD_RRUFF_COLLABORATOR_MODULE_PROVENANCE.md","E:\AI4science\docs\PXRD_RRUFF_COLLABORATOR_MODULE_PROVENANCE.md","tracked_clean","cffd735a7d28bb9e3c094925e3c53aa2f5b5c28e","docs/PXRD_RRUFF_COLLABORATOR_MODULE_PROVENANCE.md","7809","F91CE1DA32557CC535B2C06721D33B29808D358CA54DB8F8B752A352D8A7218A","当前 RRUFF 贡献归属权威入口","证明 cuifa01/Yifeng 负责 RRUFF 设计执行审计与解释且 Git identity 不等于贡献者","YES_CURRENT_MAIN","YES","CURRENT_AUTHORITATIVE; 2026-09-01 形成; filesystem CRLF hash 与 Git blob hash可不同"
"MUST_TAKE","ALREADY_ON_GITHUB","10-13","rruff301_fewshot_results.json","E:\AI4science\xrd_robustness\reports\rruff301_fewshot_results.json","tracked_clean","99c930579916cb0fd7313a4143b18bee9c1dc78e","xrd_robustness/reports/rruff301_fewshot_results.json","3586","3978135157D8268491BAFF96A37DDF49AE59773D6631996E26EFD977181E5630","当前 RRUFF-301 公共结果摘要","锁定 K1 K2 K5 Macro-F1 Accuracy 与 68/75 正配对数字","YES_CURRENT_MAIN","YES","CURRENT_AUTHORITATIVE; current working-tree bytes"
"MUST_TAKE","ALREADY_ON_GITHUB","9","RRUFF301_COMPOSITION_AUDIT.md","E:\AI4science\xrd_robustness\reports\RRUFF301_COMPOSITION_AUDIT.md","tracked_clean","16acafe7f81e43f795136fa6ac3ea640398ba805","xrd_robustness/reports/RRUFF301_COMPOSITION_AUDIT.md","4867","2FB6CCED4FC06A06031DC40734062B9B77C9F01D84DCFFEAEB47FCE759503776","可读 split/composition audit","证明 70/231 分割与无 ID/SHA overlap","YES_CURRENT_MAIN","YES","CURRENT_AUTHORITATIVE"
"MUST_TAKE","ALREADY_ON_GITHUB","9","RRUFF301_COMPOSITION_AUDIT.json","E:\AI4science\xrd_robustness\reports\RRUFF301_COMPOSITION_AUDIT.json","tracked_clean","16acafe7f81e43f795136fa6ac3ea640398ba805","xrd_robustness/reports/RRUFF301_COMPOSITION_AUDIT.json","36051","0E9C3EF71F8A127B2ADA1D2FB556738044A6F086EBAA0E0086A468315CA9E403","机器可读 split/composition audit","复核 301 IDs 与 pairwise similarity","YES_CURRENT_MAIN","YES","CURRENT_AUTHORITATIVE"
"MUST_TAKE","ALREADY_ON_GITHUB","9","audit_rruff301_composition.py","E:\AI4science\xrd_robustness\scripts\audit_rruff301_composition.py","tracked_clean","0ef8d796176ba36fd1e4ad9e19ff9cac4201c57e","xrd_robustness/scripts/audit_rruff301_composition.py","18986","7330B93AF3EFEFFB30A07A3BD6A612C603DAADE262C5385434B3C0E736042394","只读 composition audit 脚本","未来可复核 split 组成与泄漏边界","YES_CURRENT_MAIN","YES","CURRENT_AUTHORITATIVE"
"MUST_TAKE","ALREADY_ON_GITHUB","1-13","PROJECT_HISTORY.md","E:\AI4science\docs\PROJECT_HISTORY.md","tracked_clean","de0c2908e3a8a17017ec39bf0e1718a41ef46bee","docs/PROJECT_HISTORY.md","184823","87FD6C09F83D8FD40FE5A63544ABFE33E6F845F0879D6723F7B86BB6F83B4486","综合项目历史档案","快速恢复 RRUFF 研究阶段与历史路径","YES_CURRENT_MAIN","YES","HISTORICAL_VALID; 不是当前执行或归属合同"
"SHOULD_TAKE","ALREADY_ON_GITHUB","13","PXRD_RESULT_REPORTING_STANDARD.md","E:\AI4science\docs\PXRD_RESULT_REPORTING_STANDARD.md","tracked_clean","15a5e24bf6bb4a7727a5c10f00f4dda77ffb232a","docs/PXRD_RESULT_REPORTING_STANDARD.md","7336","F86E1A5C6C9B429AD1CCAF2314B5C67A59E5DD70086AFD1BADF8D98EB5E120A9","当前 PXRD 报告口径","防止把 exploratory diagnostic 和 current locked-test 角色混淆","YES_CURRENT_MAIN","YES","CURRENT_AUTHORITATIVE"
"SHOULD_TAKE","ALREADY_ON_GITHUB","13","RESULTS.md","E:\AI4science\xrd_robustness\reports\RESULTS.md","tracked_clean","907c28780b5e25e29a88f4132bb8331c2377998d","xrd_robustness/reports/RESULTS.md","8673","06C40C1EAEA0C095D21768A7B77B6F4454B48EE81F7B0B7B5A172FDDC4A81E84","当前主结果叙事","对齐对外报告中的 RRUFF 直接 locked-test 角色","YES_CURRENT_MAIN","YES","CURRENT_AUTHORITATIVE"
"SHOULD_TAKE","ALREADY_ON_GITHUB","13","MANUSCRIPT.md","E:\AI4science\xrd_robustness\MANUSCRIPT.md","tracked_clean","90f8efef3eca92b1b5445fea05c358db10d78741","xrd_robustness/MANUSCRIPT.md","16628","4A3038EC6A20086F1518C5724A62DA4881044948438EE75D974E0A7CA5D26742","当前 manuscript 文本","保持个人叙事与共同论文结论一致","YES_CURRENT_MAIN","YES","CURRENT_AUTHORITATIVE"
"SHOULD_TAKE","ALREADY_ON_GITHUB","13","README.md","E:\AI4science\xrd_robustness\README.md","tracked_clean","3d1704e0683e52e2fcb1d7dee9acdddccf677cdb","xrd_robustness/README.md","9269","8E3BAF026345348C8E5221F67CAE5EE2BE3B4E409A5E74BB080D78D06B701B98","当前项目入口","提供当前路径和证据角色导航","YES_CURRENT_MAIN","YES","CURRENT_AUTHORITATIVE"
"SHOULD_TAKE","ALREADY_ON_GITHUB","5-12","pyproject.toml","E:\AI4science\xrd_robustness\pyproject.toml","tracked_clean","49b5c8f96d6a7c6fadf085505ec23599feafb1bb","xrd_robustness/pyproject.toml","858","AA062D7D8432407E9275DEB724C428DB60E19455F87111BDE6142DDF0B6C6CB4","当前 Python 依赖入口","复现环境起点","YES_CURRENT_MAIN","YES","不是完整历史 lockfile"
"SHOULD_TAKE","ALREADY_ON_GITHUB","1-13","RRUFF真实域_科研叙事.md","E:\AI4science\docs\RRUFF真实域_科研叙事.md","tracked_clean","c977ba355989f96ac2da13d31950daa0bb48d715","docs/RRUFF真实域_科研叙事.md","17147","B20130373C5F9A2254B8768F2FC7B4BD99B74F397A78289D4DAF888DC1566425","cuifa01/Yifeng 第一人称科研叙事","申请叙事主候选","YES_CURRENT_MAIN","YES_AFTER_SCIENTIFIC_REVIEW","CURRENT_NARRATIVE; 与 provenance 身份对齐; ECE/NLL/Brier/confidence 是后续分析议程而非当前已验证结果; snapshot mtime 2026-09-01T22:44:10"
"REFERENCE_ONLY","MISSING_AND_UNKNOWN","1-13","RRUFF_LINE_COAUTHOR_CONTRIBUTION.md","","observed_untracked_then_absent_during_audit","","","8313","7D8838B15912BD5C0D7F4DD50CAC9EDE52963E1879DCFA695FDF2A0B5E83C8A5","审计中曾观察的旧共同作者贡献草稿","仅保留瞬时文件指纹与风险判断","NO","MISSING","STALE_DRAFT; original observed path E:\AI4science\docs\RRUFF_LINE_COAUTHOR_CONTRIBUTION.md; attribution 与部分 per-class 内容已被当前证据推翻; 本审计未删除"
"SHOULD_TAKE","LOCAL_ONLY","1-13","分工陈述_申请材料.md","E:\AI4science\docs\分工陈述_申请材料.md","untracked","","","5052","96F7ACDCB027071A32C24B228E31B621C19874D26D83128E95137F5610CFA604","申请材料分工草稿","个人申请贡献叙事候选","NO","YES_AFTER_SCIENTIFIC_REVIEW","DRAFT; 与当前 provenance 对齐; 非科学结果 authority"
"SHOULD_TAKE","MISSING_AND_UNKNOWN","1-13","RRUFF_COLLABORATOR_RECORD.txt","","observed_untracked_then_absent_during_audit","","","5979","EC4DE0B13851F35C060A9646B3C2298D00A4ED8ED633B867C05B4CAFC099AF30","审计中曾观察的未完成 contributor-record 模板","仅保留瞬时文件指纹并等待重建或重新提供","NO","MISSING","DRAFT; original observed path E:\AI4science\docs\RRUFF_COLLABORATOR_RECORD.txt; 当时仍有姓名日期commit/report占位符; 本审计未删除"
"MUST_TAKE","LOCAL_ONLY","1-13","PROJECT_JOURNEY.md","E:\AI4science\00_project_context\PROJECT_JOURNEY.md","ignored; exact local version differs from last tracked blob","20467d4dc6c7746157f5e37902e5e3d7481a0c1b^","00_project_context/PROJECT_JOURNEY.md","85636","2D0B2C69E9BC17F3853DD08E62C228D6FAF0B29EBE4647F045D79D9A0646EFAF","本地项目旅程后续版","含 RRUFF 转向与本地独有编辑","NO_EXACT_HASH","YES","HISTORICAL_VALID local continuation"
"MUST_TAKE","LOCAL_ONLY","3-13","AI4Science_Project_Handoff_for_Admissions_AI_2026-08-07.md","E:\AI4science\00_project_context\AI4Science_Project_Handoff_for_Admissions_AI_2026-08-07.md","ignored; never tracked","","","27091","F4052680BA15EF21671651FA391569B6C010B8590DB9DA7F627F4A733D2D46FE","申请导向项目交接叙事","恢复 Stage 4-13 申请语境","NO","YES_AFTER_SCIENTIFIC_REVIEW","HISTORICAL_VALID narrative; 非贡献 authority"
"SHOULD_TAKE","LOCAL_ONLY","1","2026-08-04.md","E:\AI4science\.workbuddy\memory\2026-08-04.md","ignored; never tracked","","","1292","0C19426DF8164858CBA064C512CD196D8FCC45C8840BD1E886223F170CBDA420","RRUFF-371 未修改边界摘要","项目时间线旁证","NO","YES_RRUFF_EXCERPT_ONLY","SECONDARY_PROJECT_SUMMARY; 非 DeepSeek raw"
"MUST_TAKE","LOCAL_ONLY","1-9","2026-08-06.md","E:\AI4science\.workbuddy\memory\2026-08-06.md","ignored; never tracked","","","3657","1D7F29019211CCA543B608509A9AE372CAD3CB0F9F543BF965C8034D9009B500","v1 bug v2 rerun与zero-shot转向摘要","申请叙事高价值旁证","NO","YES_RRUFF_EXCERPT_ONLY","SECONDARY_PROJECT_SUMMARY; 含少量非RRUFF内容"
"MUST_TAKE","LOCAL_ONLY","12-13","2026-08-13.md","E:\AI4science\.workbuddy\memory\2026-08-13.md","ignored; never tracked","","","4457","7955181623302CD98E485AE23FBCCF6AE136A74DF84E5C93F17221E80CF2B595","evidence freeze与rerun优先级摘要","解释研究收束与治理决策","NO","YES_RRUFF_EXCERPT_ONLY","SECONDARY_PROJECT_SUMMARY"
"SHOULD_TAKE","LOCAL_ONLY","13","2026-08-16.md","E:\AI4science\.workbuddy\memory\2026-08-16.md","ignored; never tracked","","","721","E0EE2079878FEAB577CF3DDD0EA09FBFF01FD0D0925644D27714683A94A8AFAB","申请叙事数字摘要","个人陈述辅助","NO","YES_RRUFF_EXCERPT_ONLY","SECONDARY_PROJECT_SUMMARY"
"MUST_TAKE","LOCAL_ONLY","1-13","2026-08-23.md","E:\AI4science\.workbuddy\memory\2026-08-23.md","ignored; never tracked","","","17794","2E45512C868D8C66F515D34EDF87CA83F83787C64B6325EAE108C94A4F3B5CDB","Git 历史恢复与清理索引","恢复删除文件和完整轨迹","NO","YES_RRUFF_EXCERPT_ONLY","SECONDARY_PROJECT_SUMMARY"
"SHOULD_TAKE","LOCAL_ONLY","13","2026-08-27.md","E:\AI4science\.workbuddy\memory\2026-08-27.md","ignored; never tracked","","","10973","1FB6CEA58E4BB7B0CE9D498C406096679C0E7ED11905120A3CE7F7B4433DEB00","balanced curated RRUFF与CNRS角色摘要","对齐最终报告边界","NO","YES_RRUFF_EXCERPT_ONLY","SECONDARY_PROJECT_SUMMARY"
"MUST_TAKE","LOCAL_ONLY","1-13","2026-09-01.md","E:\AI4science\.workbuddy\memory\2026-09-01.md","ignored; never tracked","","","7584","C0261EAD25A5470C81EB9F6F76AD6CBFF3F08E983CAD05716C23AEB2F9C5957D","当日 attribution 校准摘要","证明当前归属澄清过程的项目内代理记录","NO","YES_RRUFF_EXCERPT_ONLY","SECONDARY_PROJECT_SUMMARY; 最终观测版"
"SHOULD_TAKE","LOCAL_ONLY","1-13","MEMORY.md","E:\AI4science\.workbuddy\memory\MEMORY.md","ignored; never tracked","","","7753","D70EDD678E5FA2B819302105247F0BC27017979AD21A58FA78FC3B5E92C7536B","滚动项目记忆","便于索引其他日期摘要","NO","YES_RRUFF_EXCERPT_ONLY","SECONDARY_PROJECT_SUMMARY; 可变文件"
"MUST_TAKE","LOCAL_ONLY","1","rruff_pipeline_test directory","E:\AI4science\xrd_robustness\data\real_xrd\rruff_pipeline_test","ignored directory; never tracked as current bundle","","","502350","TREE_SHA256:32E5CF6DF32841AA52B0B096C6F77570E12C447FD09C1339D32FF61371AD0D73","36-file broad pipeline diagnostic bundle","保留 Stage 1 输入和manifest","NO","PRIVATE_ONLY_AFTER_LICENSE_REVIEW","HISTORICAL_VALID diagnostic-only; collection row"
"MUST_TAKE","LOCAL_ONLY","1","manifest.json","E:\AI4science\xrd_robustness\data\real_xrd\rruff_pipeline_test\manifest.json","ignored","","","7730","2F29FEE3CB86A1028F70CB1837F4FFD9C32ED460482CD80B7D9E0970A81889B2","35-sample diagnostic manifest","恢复样本与标签","NO","YES","raw result file missing"
"MUST_TAKE","LOCAL_ONLY","2-4","rruff70 directory","E:\AI4science\xrd_robustness\data\real_xrd\rruff70","ignored directory; local exact bundle","","","11152748","TREE_SHA256:585EB07AED8C36AC9AE6D25A594AC77A26EB052E32CFE1D86C0B4A4FB20AEBBD","238-file frozen exploratory bundle","保存完整 RRUFF-70 设计结果与审计","NO_EXACT_BUNDLE","PRIVATE_ONLY_AFTER_LICENSE_REVIEW","EXPLORATORY; collection row; historical Git has related but nonidentical blobs"
"MUST_TAKE","LOCAL_ONLY","2","RRUFF_REAL_PXRD_70_FINAL_REPORT.md","E:\AI4science\xrd_robustness\data\real_xrd\rruff70\RRUFF_REAL_PXRD_70_FINAL_REPORT.md","ignored","","","2237","E57A5E94A80E0284E8B479371B038F414D4D11370646D9D5609E7E81BEB0A68F","本地 frozen package 报告","理解本地 exact bundle","NO_EXACT_HASH","YES","EXPLORATORY"
"SHOULD_TAKE","LOCAL_ONLY","2","CITATION_AND_RELEASE_POLICY.md","E:\AI4science\xrd_robustness\data\real_xrd\rruff70\CITATION_AND_RELEASE_POLICY.md","ignored","","","744","1768EAA79CC09C73022787A4D41EB8CADCD9D14045E077BCCEF1F4621E4A63AA","引用与释放策略","复制前许可边界","NO","YES","POLICY"
"MUST_TAKE","LOCAL_ONLY","2","FREEZE_CERTIFICATE.txt","E:\AI4science\xrd_robustness\data\real_xrd\rruff70\FREEZE_CERTIFICATE.txt","ignored","","","534","6083BF2181F49CC8BD89B4C9BAC3BEA06DDD52A7BEE0028F6EA62BCCC9ACA7E6","RRUFF-70 冻结证明","证明 exploratory 包完整性","NO","YES","HISTORICAL_VALID"
"MUST_TAKE","LOCAL_ONLY","2","dataset_contract.json","E:\AI4science\xrd_robustness\data\real_xrd\rruff70\contracts\dataset_contract.json","ignored","","","2308","25CFEA69E5E0F1272F990249E7B0E268B442AFA8B0E6C4BDBBFFCDFD3A9CBBD7","RRUFF-70 dataset contract","复现和许可边界","NO","YES","HISTORICAL_VALID"
"MUST_TAKE","LOCAL_ONLY","2","execution_lock.json","E:\AI4science\xrd_robustness\data\real_xrd\rruff70\contracts\execution_lock.json","ignored","","","877","909CE3BF3BD95ADBA2E13ECCA29AB5FDB5D565E31A1B851135A7EE1EC1CA77AA","exploratory execution lock","恢复运行约束","NO","YES","HISTORICAL_VALID"
"MUST_TAKE","LOCAL_ONLY","2","rruff70_real_adaptation_split_v1.csv","E:\AI4science\xrd_robustness\data\real_xrd\rruff70\manifests\rruff70_real_adaptation_split_v1.csv","ignored","","","148467","32C63334CF8EBEAC4CBE109E273E409345C5998C4247E867D464836B92EA4455","RRUFF-70 adaptation split","恢复 support/query 结构","NO","YES","EXPLORATORY"
"MUST_TAKE","LOCAL_ONLY","2","rruff70_fewshot_episode_manifest_v1.csv","E:\AI4science\xrd_robustness\data\real_xrd\rruff70\manifests\rruff70_fewshot_episode_manifest_v1.csv","ignored","","","49170","B38CE6083CE2F0D181C7E0B597112C0CAB852B9B8F92D9C77EDBACA7359EB0E6","RRUFF-70 episode/support manifest","恢复每个 exploratory episode","NO","YES","EXPLORATORY"
"MUST_TAKE","LOCAL_ONLY","2","fewshot_runs.csv","E:\AI4science\xrd_robustness\data\real_xrd\rruff70\results\fewshot_runs.csv","ignored","","","7690","F11F20DDB28F0764AA0FF72898A740F77F660045B2AC1BDC58E08E9C057AF7C3","RRUFF-70 run-level metrics","复核 5x5xK exploratory runs","NO","YES","EXPLORATORY"
"MUST_TAKE","LOCAL_ONLY","2","fewshot_paired_comparisons.csv","E:\AI4science\xrd_robustness\data\real_xrd\rruff70\results\fewshot_paired_comparisons.csv","ignored","","","6015","ED4087A29B37D3152FC8EDBCE3BD8F8ABC6293C0833B472900C93919390BC0FA","RRUFF-70 paired comparisons","复核 60/75 正配对","NO","YES","EXPLORATORY"
"MUST_TAKE","LOCAL_ONLY","2","fewshot_v2.json","E:\AI4science\xrd_robustness\data\real_xrd\rruff70\results\fewshot_v2.json","ignored","","","70228","5D495257D90A242B1D16AAE9A4F529D8A3E567FD729176E1259A99E1D49CB64B","RRUFF-70 exploratory JSON","锁定 accuracy 与 per-class recall","NO","YES","EXPLORATORY; no macro_f1 field"
"SHOULD_TAKE","LOCAL_ONLY","2","rruff70_fixed200_paired_20260806.csv","E:\AI4science\xrd_robustness\data\real_xrd\rruff70\results\rruff70_fixed200_paired_20260806.csv","ignored","","","3766","B0C38A8628026E195136FBB837C88721B3350A4627B6433B9F5D616CA19333A7","fixed200 paired sensitivity","exploratory robustness旁证","NO","YES","EXPLORATORY"
"SHOULD_TAKE","LOCAL_ONLY","2","rruff70_fixed200_results_20260806.json","E:\AI4science\xrd_robustness\data\real_xrd\rruff70\results\rruff70_fixed200_results_20260806.json","ignored","","","49749","1563AB6F33AA9E0FE3E739E412D71430B1DA29E81012E80EC6031E40AF2241D7","fixed200 result JSON","exploratory robustness旁证","NO","YES","EXPLORATORY"
"MUST_TAKE","LOCAL_ONLY","2","file_manifest_sha256.csv","E:\AI4science\xrd_robustness\data\real_xrd\rruff70\audits\file_manifest_sha256.csv","ignored","","","25812","32B5726750DFD829B6A50448D9C2BDAB6700E9072322355A2B789EC6E04ED588","RRUFF-70 per-file hash manifest","交接后完整性验证","NO","YES","HISTORICAL_VALID"
"MUST_TAKE","LOCAL_ONLY","2","freeze_record.json","E:\AI4science\xrd_robustness\data\real_xrd\rruff70\audits\freeze_record.json","ignored","","","1202","0289C0BBA5B0C8B6DD78A13D099AB646E4AC347CB882DB158AA768A67667FEDF","freeze record","证明冻结状态","NO","YES","HISTORICAL_VALID"
"SHOULD_TAKE","LOCAL_ONLY","2","integrity_audit.csv","E:\AI4science\xrd_robustness\data\real_xrd\rruff70\audits\integrity_audit.csv","ignored","","","6296","E4A570D388187F40CE87CBFCD43F2A08036F3D4B5326F9544B7973C6E706CC5B","integrity audit","数据 QA 旁证","NO","YES","HISTORICAL_VALID"
"SHOULD_TAKE","LOCAL_ONLY","2","phase_evidence_audit.csv","E:\AI4science\xrd_robustness\data\real_xrd\rruff70\audits\phase_evidence_audit.csv","ignored","","","15873","52187E6C35D8DB9850829E6E97D98327B8D46F9FE707FDB5D16975CCA05FA5C4","phase evidence audit","标签证据 QA","NO","YES","HISTORICAL_VALID"
"MUST_TAKE","LOCAL_ONLY","5-12","rruff371 directory","E:\AI4science\xrd_robustness\data\real_xrd\rruff371","ignored directory; never tracked as full bundle","","","53902912","TREE_SHA256:6C51ADD46D00AFE75F479942E641B19B079AAB6C9F4811BBDEAC7A1AA2B50980","1492-file RRUFF-371 / corrected 301 source bundle","未来复核与复现的核心本地资产","NO","PRIVATE_ONLY_AFTER_LICENSE_REVIEW","CURRENT_AUTHORITATIVE inputs/results; collection row"
"SHOULD_TAKE","LOCAL_ONLY","5-9","CITATION_AND_RELEASE_POLICY.md","E:\AI4science\xrd_robustness\data\real_xrd\rruff371\CITATION_AND_RELEASE_POLICY.md","ignored","","","350","6B30EFB51A09084CA32144C84FDEAEB0670E36CA940CA40450E36037D595D5E1","371 citation/release policy","复制前许可边界","NO","YES","POLICY"
"MUST_TAKE","LOCAL_ONLY","5","dataset_contract.json","E:\AI4science\xrd_robustness\data\real_xrd\rruff371\contracts\dataset_contract.json","ignored","","","2285","3076EBA891880C46841A18E163AD6E7D1D3DE17B04A31D904D3AD90096605E52","371 dataset contract","冻结数据构建和许可边界","NO","YES","HISTORICAL_VALID"
"MUST_TAKE","LOCAL_ONLY","5-9","rruff371_master_manifest.csv","E:\AI4science\xrd_robustness\data\real_xrd\rruff371\manifests\rruff371_master_manifest.csv","ignored","","","324058","EBF6B35ABAF78C716498D327CDD02EF3FFC3E53662AFC56A5CB009A10B96B142","371 master manifest","样本ID来源结构与标签审计","NO","PRIVATE_ONLY_AFTER_LICENSE_REVIEW","CURRENT_AUTHORITATIVE input manifest"
"MUST_TAKE","LOCAL_ONLY","9","rruff301_adaptation_test_split.csv","E:\AI4science\xrd_robustness\data\real_xrd\rruff371\splits\rruff301_adaptation_test_split.csv","ignored","","","10424","9FEDCB1ABDF3F84349DFC8479D233FBD953E6552D7478DAC3680737E460BBE35","corrected v2 70+231 split","confirmatory/locked-test 设计核心","NO","YES","CURRENT_AUTHORITATIVE; 10 adaptation + 33 test per class"
"MUST_TAKE","LOCAL_ONLY","9","rruff301_manifest.json","E:\AI4science\xrd_robustness\data\real_xrd\rruff371\splits\rruff301_manifest.json","ignored","","","775","AA82727DFF6B3016D53FF15934841EA5DF5F1AA93E7A991283D237B7CA66F8B6","corrected split manifest","绑定 split 数量和文件","NO","YES","CURRENT_AUTHORITATIVE"
"MUST_TAKE","LOCAL_ONLY","10-12","rruff301_fewshot_runs.json","E:\AI4science\xrd_robustness\data\real_xrd\rruff371\results\rruff301_fewshot_runs.json","ignored","f36be82b2a0b5fd3c58ec87a58fa6e3ba839f217","xrd_robustness/reports/rruff301_existing_artifact_lineage_audit.json","82531","78839694E53B8944643EA1A24F82F011F8E86A2C5100D7FD9F8EAD94F152DBC3","150 run-level metrics raw","复核 Kx5x5 paired statistics的首要原始文件","NO_RAW_FILE","YES","CURRENT_AUTHORITATIVE; public JSON records this SHA"
"MUST_TAKE","LOCAL_ONLY","10-12","rruff301_predictions.json","E:\AI4science\xrd_robustness\data\real_xrd\rruff371\results\rruff301_predictions.json","ignored","f36be82b2a0b5fd3c58ec87a58fa6e3ba839f217","xrd_robustness/reports/rruff301_existing_artifact_lineage_audit.json","9934446","D0D68E35B1AB2B9D528DBD8978FD97B27B70F71C51719BFF4B0D635534A2D6C9","34650 per-sample predictions","per-class与fix-break重算核心","NO_RAW_FILE","YES","CURRENT_AUTHORITATIVE; no logits/probabilities"
"MUST_TAKE","LOCAL_ONLY","10","rruff301_fixed200.json","E:\AI4science\xrd_robustness\data\real_xrd\rruff371\results\rruff301_fixed200.json","ignored","","","23299","6B13BD8EB1E62DC1C9E88AE53B2906675BB778D46A26F5CC5FEAC6E2BA5815B2","fixed200 sensitivity results","复核 early-stop 结论","NO","YES","HISTORICAL_VALID sensitivity"
"SHOULD_TAKE","LOCAL_ONLY","1;9","rruff301_zero_shot.json","E:\AI4science\xrd_robustness\data\real_xrd\rruff371\results\rruff301_zero_shot.json","ignored","","","4636","86DCDFA29C8E9FE4F468B52B4BBB0A5B683B0D7B47B4EC34F1280B1C884FAB2A","corrected split zero-shot diagnostic","说明 few-shot前的 domain gap","NO","YES","HISTORICAL_VALID secondary diagnostic"
"MUST_TAKE","LOCAL_ONLY","6-8","rruff301_split.csv","E:\AI4science\xrd_robustness\data\real_xrd\rruff371\results\rruff301_split.csv","ignored","24d8c8511bdea9df8b52cdf779b04420bebffafc","xrd_robustness/reports/rruff301_v1_audit_trail_20260807.md","9645","15B7E2CA94AD78E796B4FB8DF9B1EDA90A661AAB8D142BFF5C4ECCA454D72E1D","v1 erroneous 60/241 split","证明 bug 与 v1 invalidation","NO_RAW_FILE","YES","INVALIDATED; hexagonal=86 trigonal=0"
"SHOULD_TAKE","LOCAL_ONLY","1-5","rruff350 directory","E:\AI4science\xrd_robustness\data\real_xrd\rruff350","ignored directory; never tracked as full bundle","","","213682393","TREE_SHA256:72D6B24938BA533CB5D93FDF6B1FD30E2599AE7A578B058A2890A8B584AA12F0","1406-file 371前身与source archives","保存数据构建史和原始来源","NO","PRIVATE_ONLY_AFTER_LICENSE_REVIEW","HISTORICAL_VALID; superseded by 371; collection row"
"SHOULD_TAKE","LOCAL_ONLY","1-5","DIF.zip","E:\AI4science\xrd_robustness\data\real_xrd\rruff350\source_archives\DIF.zip","ignored","","","7986964","3B540DB61664CACDD22268FFBAC6AB586CA6BCE389B7399CC3E9BAAEB6607B03","RRUFF DIF source archive","重建 crystal-system labels的源证据","NO","PRIVATE_ONLY_AFTER_LICENSE_REVIEW","redistribution_rights_asserted=false"
"SHOULD_TAKE","LOCAL_ONLY","1-5","Refinement_Data.zip","E:\AI4science\xrd_robustness\data\real_xrd\rruff350\source_archives\Refinement_Data.zip","ignored","","","591440","7E075457EBAC5AD8C5841E699857E7666E6FEAE1F8E8DD00945DC6818D60D5F6","RRUFF refinement source archive","数据构建溯源","NO","PRIVATE_ONLY_AFTER_LICENSE_REVIEW","redistribution_rights_asserted=false"
"SHOULD_TAKE","LOCAL_ONLY","1-5","Refinement_Output_Data.zip","E:\AI4science\xrd_robustness\data\real_xrd\rruff350\source_archives\Refinement_Output_Data.zip","ignored","","","1447673","A51E4F7399051889A3D699DADB99C2139476D3D17EA47BAF85E3EBF3DF4F5C12","RRUFF refinement output archive","数据构建溯源","NO","PRIVATE_ONLY_AFTER_LICENSE_REVIEW","redistribution_rights_asserted=false"
"SHOULD_TAKE","LOCAL_ONLY","1-5","XY_Processed.zip","E:\AI4science\xrd_robustness\data\real_xrd\rruff350\source_archives\XY_Processed.zip","ignored","","","70340433","C0B079535AB3E6077212B7A8F6CED28129CBE538FC03B1479061430F219FF9CB","RRUFF processed XY archive","实验谱来源","NO","PRIVATE_ONLY_AFTER_LICENSE_REVIEW","redistribution_rights_asserted=false"
"SHOULD_TAKE","LOCAL_ONLY","1-5","XY_RAW.zip","E:\AI4science\xrd_robustness\data\real_xrd\rruff350\source_archives\XY_RAW.zip","ignored","","","91779732","948A133482BB3C99DA80194CC2848933AEE668129BEB209150F7F850CD4B0587","RRUFF raw XY archive","实验谱来源","NO","PRIVATE_ONLY_AFTER_LICENSE_REVIEW","redistribution_rights_asserted=false"
"MUST_TAKE","LOCAL_ONLY","7","check_rruff_pool.py","E:\AI4science\tmp\check_rruff_pool.py","ignored","","","2077","A78A2852CADC9DC0A70A792EA82B9E8764B8A22FCD168254C2948C53972A4F03","RRUFF pool/label diagnostic helper","恢复 bug discovery 工具链","NO","YES","HISTORICAL_VALID"
"MUST_TAKE","LOCAL_ONLY","9-12","run_rruff301_confirmatory.py","E:\AI4science\tmp\run_rruff301_confirmatory.py","ignored","","","18382","BC91D8FA5A5D715B3E393AA1A0AF0AC84823AF11DD2B1C672756E182DC4B6015","corrected v2 runner强候选","实际实验执行与复现核心","NO","YES","HISTORICAL_VALID candidate; hardcoded checkpoint path currently missing; support IDs not saved"
"MUST_TAKE","LOCAL_ONLY","7-9","fix_rruff301_split.py","E:\AI4science\tmp\fix_rruff301_split.py","ignored","","","4752","73E6184B21C7C94084EFA0762EC282E47B2EC2C191E45C72928779472B457938","trigonal/hexagonal split修复脚本","证明 bug correction 机制","NO","YES","HISTORICAL_VALID"
"MUST_TAKE","LOCAL_ONLY","11-12","analyze_representation.py","E:\AI4science\tmp\analyze_representation.py","ignored","","","14000","8643EC67905E454587CD31C6D95705A8BCC3D0BB1B0BD34CAAADE52BDAD2D000","per-class fix-break representation分析","恢复 Stage 11-12诊断","NO","YES","HISTORICAL_VALID; confidence is correctness-rate proxy only"
"SHOULD_TAKE","LOCAL_ONLY","10-12","compile_rruff301_report.py","E:\AI4science\tmp\compile_rruff301_report.py","ignored","","","14984","6C61916629190F01A688E9E4CCE78CDB0E9FA5F30FF3FB00380B2BB49B02842E","301 report aggregation草稿脚本","保留历史汇总逻辑与错误线索","NO","NO_UNTIL_REVIEW","INVALIDATED_AS_IS; hardcoded v1 deltas 70/75 and 36150"
"MUST_TAKE","LOCAL_ONLY","2","run_rruff70_fewshot_v2.py","E:\AI4science\tmp\run_rruff70_fewshot_v2.py","ignored","385cbbc9e1897e73f0828ca589e279edcf17bf75","xrd_robustness/scripts/run_rruff70_fewshot_adaptation.py","8119","7F592DA5FD06AB26BB69D7441C2EA8ECD8F6D8BBDF58BEBF8AA8D6CD9488B415","RRUFF-70 v2 exploratory runner","实际 exploratory 执行代码","YES_IDENTICAL_HISTORY","YES","EXPLORATORY; exact SHA matches historical official runner"
"SHOULD_TAKE","LOCAL_ONLY","2","run_rruff70_fewshot.py","E:\AI4science\tmp\run_rruff70_fewshot.py","ignored","","","7659","76A64543C14440A0A4EFA67692AD48B40A10A8873248A33D0AF913A81FA2CF12","更早 RRUFF-70 runner","调试/版本史","NO","YES","EXPLORATORY; superseded"
"MUST_TAKE","LOCAL_ONLY","2","analyze_fewshot.py","E:\AI4science\tmp\analyze_fewshot.py","ignored","385cbbc9e1897e73f0828ca589e279edcf17bf75","xrd_robustness/scripts/analyze_fewshot_results.py","7658","950214C0FB6750335DD7860F42F2126427C3156E688BBA84525335390D8E978B","RRUFF-70 paired aggregation","恢复 exploratory 统计","YES_IDENTICAL_HISTORY","YES","EXPLORATORY; exact SHA matches historical blob"
"MUST_TAKE","LOCAL_ONLY","1","run_pipeline_smoke_test.py","E:\AI4science\tmp\run_pipeline_smoke_test.py","ignored","","","4563","5681C195129A47EC97252D4B282A898279DADB42629569F67996B5A2B0F733CD","35-sample diagnostic runner","恢复 broad zero-shot pipeline","NO","YES","HISTORICAL_VALID diagnostic-only"
"REFERENCE_ONLY","LOCAL_ONLY","1-5","audit_rruff_collection_expansion.cpython-311.pyc","E:\AI4science\xrd_robustness\scripts\__pycache__\audit_rruff_collection_expansion.cpython-311.pyc","ignored compiled cache","","","13344","0E9E81D1372E6CF7C4C455CE0C372422F4D86156F85BCFAB4ED4ACD13C92B949","compiled-only collection expansion trace","证明相应源码曾执行过的弱线索","NO","NO_SOURCE_PREFERRED","PYC_ONLY; authoritative source recoverable from Git history"
"REFERENCE_ONLY","LOCAL_ONLY","1","build_rruff_pipeline_test.cpython-311-pytest-9.1.1.pyc","E:\AI4science\xrd_robustness\scripts\__pycache__\build_rruff_pipeline_test.cpython-311-pytest-9.1.1.pyc","ignored compiled cache","","","15049","C7C663716E196B96DA3843B2644124532F6B2AA08C4B97D985DCC5E89F9F8201","compiled-only pipeline builder test trace","弱执行线索","NO","NO_SOURCE_PREFERRED","PYC_ONLY; source recoverable from Git history"
"REFERENCE_ONLY","LOCAL_ONLY","1-5","build_rruff350.cpython-311.pyc","E:\AI4science\xrd_robustness\scripts\__pycache__\build_rruff350.cpython-311.pyc","ignored compiled cache","","","44903","1A47E5B6749D2AF021ADD8DF1480AAF426C7A0318137F767B5B105AB2CB9076A","compiled-only RRUFF-350 builder trace","弱执行线索","NO","NO_SOURCE_PREFERRED","PYC_ONLY; source recoverable from Git history"
"REFERENCE_ONLY","LOCAL_ONLY","5;10","run_rruff301_retrospective_replay.cpython-311.pyc","E:\AI4science\xrd_robustness\scripts\__pycache__\run_rruff301_retrospective_replay.cpython-311.pyc","ignored compiled cache","","","7202","833E4806AC7C56A5D04AA01C8B54F17215B4C56A0E4EF2AFA07D8295E4358920","compiled-only post-hoc replay runner trace","弱执行线索","NO","NO_SOURCE_PREFERRED","PYC_ONLY; post-hoc source recoverable from Git history"
"REFERENCE_ONLY","LOCAL_ONLY","5;10","rruff301_replay.cpython-311.pyc","E:\AI4science\xrd_robustness\src\xrd_robustness\evaluation\__pycache__\rruff301_replay.cpython-311.pyc","ignored compiled cache","","","56628","3CD3E1B2903923F9263C395583272DD2F67F7FBD1B0829BBCE98C8AE2A20B033","compiled-only post-hoc replay module trace","弱执行线索","NO","NO_SOURCE_PREFERRED","PYC_ONLY; post-hoc source recoverable from Git history"
"REFERENCE_ONLY","LOCAL_ONLY","5;10","test_rruff301_retrospective_replay.cpython-311-pytest-9.1.1.pyc","E:\AI4science\xrd_robustness\tests\evidence\__pycache__\test_rruff301_retrospective_replay.cpython-311-pytest-9.1.1.pyc","ignored compiled cache","","","21515","E16655C6FA3BEB1B8405E1562117054CC9797824BECEBBF3A299F69C09063FEB","compiled-only evidence test trace","弱执行线索","NO","NO_SOURCE_PREFERRED","PYC_ONLY; source recoverable from Git history"
"REFERENCE_ONLY","LOCAL_ONLY","1-5","test_rruff_collection_expansion.cpython-311-pytest-9.1.1.pyc","E:\AI4science\xrd_robustness\tests\__pycache__\test_rruff_collection_expansion.cpython-311-pytest-9.1.1.pyc","ignored compiled cache","","","9936","C8D790362ABF0D74B3BB4DE15221ACFAD67247668D8489083513CB1BC590C555","compiled-only expansion test trace","弱执行线索","NO","NO_SOURCE_PREFERRED","PYC_ONLY; source recoverable from Git history"
"REFERENCE_ONLY","LOCAL_ONLY","5;10","test_rruff301_retrospective_replay.cpython-311-pytest-9.1.1.pyc","E:\AI4science\xrd_robustness\tests\__pycache__\test_rruff301_retrospective_replay.cpython-311-pytest-9.1.1.pyc","ignored compiled cache","","","21506","BDCEA7F7521125E86AF5F13BAC1B4098F3470175601643149B9F0B6D762140E6","compiled-only earlier replay test trace","弱执行线索","NO","NO_SOURCE_PREFERRED","PYC_ONLY; source recoverable from Git history"
"REFERENCE_ONLY","LOCAL_ONLY","1-5","test_rruff350_builder.cpython-311-pytest-9.1.1.pyc","E:\AI4science\xrd_robustness\tests\__pycache__\test_rruff350_builder.cpython-311-pytest-9.1.1.pyc","ignored compiled cache","","","14276","6318B1BD29059C9E9B68F53B7902E4CB7D3E110CBA9465AAE7B043052EB84330","compiled-only RRUFF-350 test trace","弱执行线索","NO","NO_SOURCE_PREFERRED","PYC_ONLY; source recoverable from Git history"
"SHOULD_TAKE","LOCAL_ONLY","13","p6_rruff_fewshot_20260828 directory","E:\AI4science\.codex_tmp\p6_rruff_fewshot_20260828","untracked directory","","","327885","TREE_SHA256:87B6BED14E977F84AB75D9F28BB95D9198D8B1A94A41A7511344FED973C9D6D5","RRUFF few-shot slide-6 edit/QA bundle","保存汇报叙事迭代线索","NO","YES","REPORT_QA_ONLY; not experiment evidence; collection row"
"SHOULD_TAKE","LOCAL_ONLY","13","p6_rruff_reframe_20260828 directory","E:\AI4science\.codex_tmp\p6_rruff_reframe_20260828","untracked directory","","","701654","TREE_SHA256:F3D27BC5D921E877412EDD2BB8543256242594717C5ADA1547AF1FF6BD8B64A3","RRUFF reframe slide-6 edit/QA bundle","保存问题重构叙事线索","NO","YES","REPORT_QA_ONLY; not experiment evidence; collection row"
"SHOULD_TAKE","LOCAL_ONLY","13","如何讲清楚你的XRD项目_讲解指南.md","E:\AI4science\docs\presentation_materials\如何讲清楚你的XRD项目_讲解指南.md","untracked","","","14048","CA288A0908B8CE70D09B53D73C2DE25F94B8EB8D8D0BB3A74273471A8D341962","旧项目讲解指南","申请面试表达参考","NO","YES_AFTER_SCIENTIFIC_REVIEW","HISTORICAL_VALID narrative; attribution需对齐当前provenance"
"SHOULD_TAKE","LOCAL_ONLY","13","project_brief_for_TanQi.md","E:\AI4science\docs\presentation_materials\project_brief_for_TanQi.md","untracked","","","2654","A247C6E6BBAF7341DFFB93C178ABC342EB654CD441E23127417BFBB7CF80DEB0","旧项目简报","叙事压缩参考","NO","YES_AFTER_SCIENTIFIC_REVIEW","DRAFT"
"MUST_TAKE","ALREADY_ON_GITHUB","3","2026-07-24_RRUFF_FEWSHOT_ADAPTATION.md","","deleted_from_current_tree; reachable_history","5e624f0b7a74655e8be841d70c8f06d81c426f34","00_project_context/decisions/2026-07-24_RRUFF_FEWSHOT_ADAPTATION.md","3318","D923D93E0690C9E0B7B1577AD7BB032D10C694C37036CDC0FD47CDA3AD709E55","zero-shot转few-shot决策","申请叙事与研究设计起点","YES_HISTORY","YES","HISTORICAL_VALID"
"MUST_TAKE","ALREADY_ON_GITHUB","3-5","real_adaptation.v9.method_transfer.json","","deleted_from_current_tree; reachable_history","5e624f0b7a74655e8be841d70c8f06d81c426f34","xrd_robustness/configs/real_adaptation.v9.method_transfer.json","5967","ED8AF645F914DBF77C55C4789FF809A6B1C41A62C726812AB7A1DA9458E5B7A8","historical method-transfer config","恢复 label-efficiency 设计参数","YES_HISTORY","YES","HISTORICAL_VALID"
"MUST_TAKE","ALREADY_ON_GITHUB","3-5","V9_REAL_FEWSHOT_ADAPTATION_PROTOCOL.md","","deleted_from_current_tree; reachable_history","5e624f0b7a74655e8be841d70c8f06d81c426f34","xrd_robustness/docs/V9_REAL_FEWSHOT_ADAPTATION_PROTOCOL.md","7471","97E9D91F8FE8F0AB81CCA4A62F3B1F51F026D74DAFD4D5402CDCEBF038D806ED","historical few-shot protocol","恢复真实域适配执行边界","YES_HISTORY","YES","HISTORICAL_VALID"
"SHOULD_TAKE","ALREADY_ON_GITHUB","1-5","CODEX_HANDOFF_REAL_ADAPTATION_ADDENDUM.md","","deleted_from_current_tree; reachable_history","2cb656c0a1dd32ac4aa7aabfeb1ca1c747242c35","xrd_robustness/CODEX_HANDOFF_REAL_ADAPTATION_ADDENDUM.md","4081","D9FEB9E1798980B5B803D3687ECE8EF4D5BF38B43B1EBDFDE7C3CE0935CE7E4E","当时 real-adaptation handoff补充","历史执行上下文","YES_HISTORY","YES","HISTORICAL_VALID"
"MUST_TAKE","ALREADY_ON_GITHUB","1","rruff_pipeline_smoke_test_20260806.md","","deleted_from_current_tree; reachable_history","2cb656c0a1dd32ac4aa7aabfeb1ca1c747242c35","xrd_robustness/reports/rruff_pipeline_smoke_test_20260806.md","5137","DE98F518B9FE9B48ED700C90D86EF09539B078A07BF54E0FAA12D7D011245D7F","35-sample pipeline diagnostic report","Stage 1 唯一独立历史报告","YES_HISTORY","YES","HISTORICAL_VALID diagnostic-only"
"SHOULD_TAKE","ALREADY_ON_GITHUB","1-5","rruff350_build_audit.json","","deleted_from_current_tree; reachable_history","2cb656c0a1dd32ac4aa7aabfeb1ca1c747242c35","xrd_robustness/reports/rruff350_build_audit.json","2059","662C40C4CE1686270796EE637197DD57FEAAF804FD4D6030F48FE4EAEDB1F6BC","350 collection build audit","数据构建溯源","YES_HISTORY","YES","HISTORICAL_VALID"
"SHOULD_TAKE","ALREADY_ON_GITHUB","1-5","rruff371_build_audit.json","","deleted_from_current_tree; reachable_history","2cb656c0a1dd32ac4aa7aabfeb1ca1c747242c35","xrd_robustness/reports/rruff371_build_audit.json","2059","B548EDB539C246C5E1BD25A1D305117632E17C5C661703B83E97EF5C465E409E","371 collection build audit","数据构建溯源","YES_HISTORY","YES","HISTORICAL_VALID"
"SHOULD_TAKE","ALREADY_ON_GITHUB","1-5","rruff371_expansion_audit.json","","deleted_from_current_tree; reachable_history","2cb656c0a1dd32ac4aa7aabfeb1ca1c747242c35","xrd_robustness/reports/rruff371_expansion_audit.json","5257","87FE7A3A4AC40898B530772A99521A4EDA6D1022A2A44B02F830817C06213A0C","350到371 expansion audit","说明样本扩展边界","YES_HISTORY","YES","HISTORICAL_VALID"
"SHOULD_TAKE","ALREADY_ON_GITHUB","3-5","v9_real_adaptation_contract_audit.json","","deleted_from_current_tree; reachable_history","2cb656c0a1dd32ac4aa7aabfeb1ca1c747242c35","xrd_robustness/reports/v9_real_adaptation_contract_audit.json","2296","5D94414704F9F6955F9997122B39C60116F59AA11588B9967FD05D8EF5C14119","real-adaptation contract audit","恢复冻结设计 QA","YES_HISTORY","YES","HISTORICAL_VALID"
"SHOULD_TAKE","ALREADY_ON_GITHUB","3-5","v9_real_adaptation_plan.json","","deleted_from_current_tree; reachable_history","2cb656c0a1dd32ac4aa7aabfeb1ca1c747242c35","xrd_robustness/reports/v9_real_adaptation_plan.json","115367","BA435A3617E9F0E70A2F91958860E8E337C58B96E6C3E176119A785872B4B876","historical adaptation run plan","恢复 episode与任务规划","YES_HISTORY","YES","HISTORICAL_VALID"
"SHOULD_TAKE","ALREADY_ON_GITHUB","1","build_rruff_pipeline_test.py","","deleted_from_current_tree; reachable_history","2cb656c0a1dd32ac4aa7aabfeb1ca1c747242c35","xrd_robustness/scripts/build_rruff_pipeline_test.py","11079","05BE9D7FD5D1EC79858B899E67A6340F37A1FC87905804D363FF130CBEB5411C","pipeline-test dataset builder","恢复 Stage 1 数据构建","YES_HISTORY","YES","HISTORICAL_VALID"
"MUST_TAKE","ALREADY_ON_GITHUB","5","rruff301_confirmatory_fewshot.preregistered.json","","deleted_from_current_tree; reachable_history","385cbbc9e1897e73f0828ca589e279edcf17bf75","xrd_robustness/configs/rruff301_confirmatory_fewshot.preregistered.json","7579","BE7D320088ED8E5FA6C2EE8F37C2B19E49C122C91AC171A7DA61B78F6F8589D9","RRUFF-301 preregistration","证明 K/seed/split/primary metric事先冻结","YES_HISTORY","YES","HISTORICAL_VALID; original episode_plan.csv missing"
"MUST_TAKE","ALREADY_ON_GITHUB","2-4","rruff70_complete_report_20260806.md","","deleted_from_current_tree; reachable_history","385cbbc9e1897e73f0828ca589e279edcf17bf75","xrd_robustness/reports/rruff70_complete_report_20260806.md","9149","D1428B79FC47575C52D1A3F54788E7D9FE47322EE057CDFBBF4AF62FC3485415","RRUFF-70 complete exploratory report","解释为何提出301与monoclinic假设","YES_HISTORY","YES","EXPLORATORY"
"MUST_TAKE","ALREADY_ON_GITHUB","2","rruff70_fewshot_paired_20260806.csv","","deleted_from_current_tree; reachable_history","385cbbc9e1897e73f0828ca589e279edcf17bf75","xrd_robustness/reports/rruff70_fewshot_paired_20260806.csv","5939","888FFD122B7B573FDED09B0FF24A212C373E628EEAD9F0F9DB43BBBEE049DB9D","historical RRUFF-70 paired summary","锁定早期 paired evidence","YES_HISTORY","YES","EXPLORATORY"
"MUST_TAKE","ALREADY_ON_GITHUB","2","rruff70_fewshot_results_20260806.json","","deleted_from_current_tree; reachable_history","385cbbc9e1897e73f0828ca589e279edcf17bf75","xrd_robustness/reports/rruff70_fewshot_results_20260806.json","67650","8E4D989B67A84A3E661792240DE57CD0119D8EBD8936485058A14FDA2D3B485D","historical RRUFF-70 result JSON","恢复早期结果版本","YES_HISTORY","YES","EXPLORATORY"
"SHOULD_TAKE","ALREADY_ON_GITHUB","2","rruff70_fixed200_paired_20260806.csv","","deleted_from_current_tree; reachable_history","385cbbc9e1897e73f0828ca589e279edcf17bf75","xrd_robustness/reports/rruff70_fixed200_paired_20260806.csv","3715","0E285FDE952746479B7B2609C6C112BEB8E08313607DFC5FF4B0FF790E63BD3B","historical fixed200 paired summary","exploratory sensitivity","YES_HISTORY","YES","EXPLORATORY"
"SHOULD_TAKE","ALREADY_ON_GITHUB","2","rruff70_fixed200_results_20260806.json","","deleted_from_current_tree; reachable_history","385cbbc9e1897e73f0828ca589e279edcf17bf75","xrd_robustness/reports/rruff70_fixed200_results_20260806.json","48037","C935E8A4E88536A1C7005B9BA477A00282D13C0DF2A835FC70B99F10D141FB4C","historical fixed200 results","exploratory sensitivity","YES_HISTORY","YES","EXPLORATORY"
"MUST_TAKE","ALREADY_ON_GITHUB","2","analyze_fewshot_results.py","","deleted_from_current_tree; reachable_history","385cbbc9e1897e73f0828ca589e279edcf17bf75","xrd_robustness/scripts/analyze_fewshot_results.py","7658","950214C0FB6750335DD7860F42F2126427C3156E688BBA84525335390D8E978B","historical exploratory aggregation","恢复配对统计","YES_HISTORY","YES","EXPLORATORY; exact local copy exists"
"MUST_TAKE","ALREADY_ON_GITHUB","2","run_rruff70_fewshot_adaptation.py","","deleted_from_current_tree; reachable_history","385cbbc9e1897e73f0828ca589e279edcf17bf75","xrd_robustness/scripts/run_rruff70_fewshot_adaptation.py","8119","7F592DA5FD06AB26BB69D7441C2EA8ECD8F6D8BBDF58BEBF8AA8D6CD9488B415","historical RRUFF-70 runner","恢复实际 exploratory 执行代码","YES_HISTORY","YES","EXPLORATORY; exact local copy exists"
"MUST_TAKE","ALREADY_ON_GITHUB","6-10","rruff301_confirmatory_full_report_20260807.md","","deleted_from_current_tree; reachable_history","24d8c8511bdea9df8b52cdf779b04420bebffafc","xrd_robustness/reports/rruff301_confirmatory_full_report_20260807.md","11172","DAB1B6AADD8E7ADA4F55C2239B856B529901FA03733BF13B42444EF09887155C","corrected v2 full report","恢复 v2执行结果与统计","YES_HISTORY","YES","HISTORICAL_VALID; current headline numbers由current JSON authority"
"MUST_TAKE","ALREADY_ON_GITHUB","11-12","rruff301_representation_analysis_20260807.md","","deleted_from_current_tree; reachable_history","24d8c8511bdea9df8b52cdf779b04420bebffafc","xrd_robustness/reports/rruff301_representation_analysis_20260807.md","10687","65D93BEB36B819A886BF2201970110F5DDC99D96BCA84D676FD049F18BE11EB8","per-class representation fix-break report","申请叙事和机制诊断核心","YES_HISTORY","YES","HISTORICAL_VALID; confidence是correctness-rate proxy"
"MUST_TAKE","ALREADY_ON_GITHUB","6-8","rruff301_v1_audit_trail_20260807.md","","deleted_from_current_tree; reachable_history","24d8c8511bdea9df8b52cdf779b04420bebffafc","xrd_robustness/reports/rruff301_v1_audit_trail_20260807.md","4406","161E0C13DD2CB3820D9BC837103B16EA3D22B3E5CCE4249B2C7F3AE5ECCEFEA4","v1 label bug and invalidation audit","证明主动发现问题并作废错误结果","YES_HISTORY","YES","INVALIDATED results; audit itself HISTORICAL_VALID"
"MUST_TAKE","ALREADY_ON_GITHUB","12-13","PROJECT_JOURNEY_CONTINUATION_20260807_20260808.md","","deleted_from_current_tree; reachable_history","1bf8a99d8e8ac4ad61c7509baef49abe55e8941a","00_project_context/PROJECT_JOURNEY_CONTINUATION_20260807_20260808.md","11082","E3B5D9B958DAD51D3A87E22019B54AA40E3473A6F6D6522A92BE52FE14AF3AF5","v2到evidence freeze旅程续篇","申请叙事高价值时间线","YES_HISTORY","YES","HISTORICAL_VALID"
"MUST_TAKE","ALREADY_ON_GITHUB","12","EVIDENCE_FREEZE_V1_20260808.md","","deleted_from_current_tree; reachable_history","1bf8a99d8e8ac4ad61c7509baef49abe55e8941a","00_project_context/EVIDENCE_FREEZE_V1_20260808.md","11872","65D305210653A28D00E046E52DD836E999E95DA83A50E66CF648753DD7827DB1","RRUFF evidence freeze","证明结论冻结与治理边界","YES_HISTORY","YES","HISTORICAL_VALID"
"MUST_TAKE","ALREADY_ON_GITHUB","12-13","DECISION_LOG_20260813.md","","deleted_from_current_tree; reachable_history","1eab4d59c06f9942e4e800555542651d7fbf3422","00_project_context/DECISION_LOG_20260813.md","1689","DF38EB51836983B22F2CFD275BE50C7B371B1945A9007DA23273EE5D80C67DF6","corrected rerun priority decision","解释为何不继续重复RRUFF-301","YES_HISTORY","YES","HISTORICAL_VALID corrected version"
"MUST_TAKE","ALREADY_ON_GITHUB","5-12","rruff301_existing_artifact_lineage_audit.json","","deleted_from_current_tree; reachable_history","f36be82b2a0b5fd3c58ec87a58fa6e3ba839f217","xrd_robustness/reports/rruff301_existing_artifact_lineage_audit.json","9832","5B8E2B496C46741346896C1301D70F783F3E3236A4A23B10765DB0D6BD04FB6F","strict artifact lineage audit","区分可核验metrics与缺失治理链","YES_HISTORY","YES","HISTORICAL_VALID; confirmatory_claim_supported false不否定已核验performance"
"SHOULD_TAKE","ALREADY_ON_GITHUB","5;10","rruff301_retrospective_replay.v1.json","","deleted_from_current_tree; reachable_history","512b05fff6bc4cb0def7d3a284720f6f7fc1d83a","xrd_robustness/configs/rruff301_retrospective_replay.v1.json","9259","CCD14167375B31A58040F35834B7FF4F58034371561ABED7666858AC6B5EF0CF","post-hoc replay contract","帮助恢复support assignment但不冒充prereg","YES_HISTORY","YES","POST_HOC_RECONSTRUCTION"
"MUST_TAKE","ALREADY_ON_GITHUB","5;10","rruff301_retrospective_replay_episode_plan.json","","deleted_from_current_tree; reachable_history","512b05fff6bc4cb0def7d3a284720f6f7fc1d83a","xrd_robustness/reports/rruff301_retrospective_replay_episode_plan.json","183133","DF0F888BB318FDE393C8BF04D9FB6372EC5F33260B57F3DDA74452B6B19D8A13","15 episodes 280 support assignments的事后计划","当前唯一可恢复的support-ID候选","YES_HISTORY","YES","POST_HOC_RECONSTRUCTION_NOT_ORIGINAL_PREREG_PLAN; generated_not_authorized"
"SHOULD_TAKE","ALREADY_ON_GITHUB","5;10","run_rruff301_retrospective_replay.py","","deleted_from_current_tree; reachable_history","512b05fff6bc4cb0def7d3a284720f6f7fc1d83a","xrd_robustness/scripts/run_rruff301_retrospective_replay.py","5094","2BCA5DC75C117557050CCEA6AE6EE37F1E271D269E83E0BA060A96DA6AB1EBFC","post-hoc replay runner","帮助重建支持样本计划","YES_HISTORY","YES","POST_HOC_RECONSTRUCTION"
"SHOULD_TAKE","ALREADY_ON_GITHUB","5;10","rruff301_replay.py","","deleted_from_current_tree; reachable_history","512b05fff6bc4cb0def7d3a284720f6f7fc1d83a","xrd_robustness/src/xrd_robustness/evaluation/rruff301_replay.py","39492","FBF2CE8931A87A426EAD7AB705E9E29F56FD9736C3012B95DFF778EA2C755D04","post-hoc replay module","重建 episode/support 逻辑","YES_HISTORY","YES","POST_HOC_RECONSTRUCTION"
"SHOULD_TAKE","ALREADY_ON_GITHUB","5;10","test_rruff301_retrospective_replay.py","","deleted_from_current_tree; reachable_history","512b05fff6bc4cb0def7d3a284720f6f7fc1d83a","xrd_robustness/tests/evidence/test_rruff301_retrospective_replay.py","13170","1015E9ABA09DFEEED59C097CD565B38B4EE78F380BEEDEBAB50313C60E7E1D08","post-hoc replay tests","验证重建逻辑边界","YES_HISTORY","YES","POST_HOC_RECONSTRUCTION"
"REFERENCE_ONLY","ALREADY_ON_GITHUB","5-12","formal_14060.py","E:\AI4science\xrd_robustness\src\xrd_robustness\formal_14060.py","tracked_clean","dc6c874adcb4a8197e42c3187266573a9d3cafa0","xrd_robustness/src/xrd_robustness/formal_14060.py","6469","E80B07621220C1700301D7FFD48D36E87248717AF372D5DE3ED5C168D74CBA13","共享simulator/formal dataset核心","RRUFF依赖pretrained representation背景","YES_CURRENT_MAIN","NO_REFERENCE_ONLY","非Yifeng独立模块"
"REFERENCE_ONLY","ALREADY_ON_GITHUB","5-12","dynamic_pair_dataset.py","E:\AI4science\xrd_robustness\src\xrd_robustness\dynamic_pair_dataset.py","tracked_clean","dc6c874adcb4a8197e42c3187266573a9d3cafa0","xrd_robustness/src/xrd_robustness/dynamic_pair_dataset.py","5527","2426E0B0A0B8478467EE7FFE45B6B56A04E5A0F2464363D70D7E21B8CF08F216","共享Dynamic数据管线","RRUFF models来自共同训练主线","YES_CURRENT_MAIN","NO_REFERENCE_ONLY","非Yifeng独立模块"
"REFERENCE_ONLY","ALREADY_ON_GITHUB","5-12","objectives.py","E:\AI4science\xrd_robustness\src\xrd_robustness\training\objectives.py","tracked_clean","49b5c8f96d6a7c6fadf085505ec23599feafb1bb","xrd_robustness/src/xrd_robustness/training/objectives.py","3605","5E806598A6EDF7B586988EA0EFED2B0FB59D0E932D157E2A4D9C6B488E601EC5","Dynamic ERM/JS objectives","RRUFF比较方法的共享实现","YES_CURRENT_MAIN","NO_REFERENCE_ONLY","非Yifeng独立方法贡献"
"REFERENCE_ONLY","ALREADY_ON_GITHUB","5-12","runner.py","E:\AI4science\xrd_robustness\src\xrd_robustness\training\runner.py","tracked_clean","49b5c8f96d6a7c6fadf085505ec23599feafb1bb","xrd_robustness/src/xrd_robustness/training/runner.py","15329","10EE407F613367FCF4EEC9772DA9940051E6138BE7177A528DC3F389E2E744D2","共享训练runner","pretraining依赖","YES_CURRENT_MAIN","NO_REFERENCE_ONLY","非Yifeng独立模块"
"REFERENCE_ONLY","ALREADY_ON_GITHUB","5-12","ml4pxrd_resnet1d.py","E:\AI4science\xrd_robustness\src\xrd_robustness\models\ml4pxrd_resnet1d.py","tracked_clean","4ef0356a04df8d042c2a63c3192bfe44cd6e1c1e","xrd_robustness/src/xrd_robustness/models/ml4pxrd_resnet1d.py","11316","59D91CB259ECEBA876592E684F602B220F389AF25D485A43CC7F71A05CA51EB7","共享pretrained backbone","RRUFF adaptation模型结构依赖","YES_CURRENT_MAIN","NO_REFERENCE_ONLY","非Yifeng独立模块"
"REFERENCE_ONLY","ALREADY_ON_GITHUB","5-13","run_simulated_test.py","E:\AI4science\xrd_robustness\scripts\run_simulated_test.py","tracked_clean","d6283cf230277e71e82d82fb53f2adc0173c05b5","xrd_robustness/scripts/run_simulated_test.py","30139","7F54CD568C91905D86D4523B9FAF19526D6018FDD7628EBBEFC9EB23B2527CD6","共享simulated-Test执行主线","checkpoint/pretrained seed来源背景","YES_CURRENT_MAIN","NO_REFERENCE_ONLY","非Yifeng独立模块"
"REFERENCE_ONLY","ALREADY_ON_GITHUB","5-13","simulated_test_results.json","E:\AI4science\xrd_robustness\reports\simulated_test_results.json","tracked_clean","4800088780626f179fd473efde504ead0809c9ad","xrd_robustness/reports/simulated_test_results.json","6643","421F931E13BA090C6C896DDC689BB074E82E9F5FB15C8FB2FB75944D8261C69B","共享simulated-OOD结果","解释pretrained model selection背景","YES_CURRENT_MAIN","NO_REFERENCE_ONLY","非RRUFF个人模块"
"REFERENCE_ONLY","ALREADY_ON_GITHUB","13","real.cnrs318.zero_shot.frozen.json","E:\AI4science\xrd_robustness\configs\real.cnrs318.zero_shot.frozen.json","tracked_clean","bac5b79ef0d52e0aaf15805d7c5b8d094be23841","xrd_robustness/configs/real.cnrs318.zero_shot.frozen.json","2987","06442F2BCAFAB533BCDB5CDA815F7D0C9A94A14C074471FA8E37B748D0C4E217","CNRS frozen config","独立real-domain zero-shot背景","YES_CURRENT_MAIN","NO_REFERENCE_ONLY","非RRUFF个人模块"
"REFERENCE_ONLY","ALREADY_ON_GITHUB","13","run_cnrs318_zero_shot.py","E:\AI4science\xrd_robustness\scripts\run_cnrs318_zero_shot.py","tracked_clean","4800088780626f179fd473efde504ead0809c9ad","xrd_robustness/scripts/run_cnrs318_zero_shot.py","11421","52B8370FD57977DB15C28D1F7A484E2511ADC9E90AE30C7568EAD3F16DE5ACEC","CNRS runner","证据三角验证背景","YES_CURRENT_MAIN","NO_REFERENCE_ONLY","非RRUFF个人模块"
"REFERENCE_ONLY","ALREADY_ON_GITHUB","13","CNRS_318_RESULTS.md","E:\AI4science\xrd_robustness\reports\CNRS_318_RESULTS.md","tracked_clean","4800088780626f179fd473efde504ead0809c9ad","xrd_robustness/reports/CNRS_318_RESULTS.md","8269","6A5E411097745DE574C727D52619456A4B3C97433C1C19BEDF1D6BE50B5BBCD5","CNRS real-domain结果","区分RRUFF label-efficiency与CNRS zero-shot角色","YES_CURRENT_MAIN","NO_REFERENCE_ONLY","非RRUFF个人模块"
"REFERENCE_ONLY","LOCAL_ONLY","5-12","simulated_test_checkpoints/checkpoints directory","E:\AI4science\xrd_robustness\outputs\simulated_test_checkpoints\checkpoints","ignored directory; 10 checkpoint files","","","1561824960","COLLECTION:SEE metadata/checkpoints.sha256","5 ERM + 5 JS shared pretrained weights","RRUFF future rerun的模型依赖","NO","NO_REFERENCE_ONLY","约1.455GiB; 超过1GB; 非Yifeng独立模块; hashes verified"
"SHOULD_TAKE","LOCAL_ONLY","5-12","checkpoint_metadata.txt","E:\AI4science\xrd_robustness\outputs\simulated_test_checkpoints\metadata\checkpoint_metadata.txt","ignored","","","1150","B0EF5C344F9060390ABD490CDEE0B06FC27B53185F8E31AC8ECD2C1BE41AC015","checkpoint metadata","记录共享权重版本","NO","YES","不复制weights时必须保留"
"SHOULD_TAKE","LOCAL_ONLY","5-12","checkpoint_paths.txt","E:\AI4science\xrd_robustness\outputs\simulated_test_checkpoints\metadata\checkpoint_paths.txt","ignored","","","865","0E16D996BBF9593666BCB67243A024A5E2B4824C53A04C265B37CEDBE44BF34F","checkpoint path metadata","诊断runner路径断链","NO","YES","旧原始路径为/root/AI4science/..."
"SHOULD_TAKE","LOCAL_ONLY","5-12","checkpoints.sha256","E:\AI4science\xrd_robustness\outputs\simulated_test_checkpoints\metadata\checkpoints.sha256","ignored","","","1525","F36E195ABFB79CA9E1F6A9460C5565742CCD2BE652FEC0036BB771EDA2CEB2F9","10个checkpoint SHA manifest","不复制weights也可验证依赖","NO","YES","all ten weights verified"
"SHOULD_TAKE","LOCAL_ONLY","5-12","original_checkpoint_sha256.txt","E:\AI4science\xrd_robustness\outputs\simulated_test_checkpoints\metadata\original_checkpoint_sha256.txt","ignored","","","1775","D90B4434DB04C8629C450E8D72E8741DBEB5D75F4140A1DF398424A3806114C1","原始checkpoint hash mapping","绑定历史/shared weights","NO","YES","metadata only"
"MUST_TAKE","MISSING_AND_UNKNOWN","3-12","DeepSeek raw RRUFF sessions","","not_found_in_project_scope","","","","","原始DeepSeek会话导出/session IDs/prompts/debug transcript","证明AI辅助流程和恢复关键决策上下文","NO","MISSING","MISSING; current provenance confirms assistance but no raw sessions"
"MUST_TAKE","MISSING_AND_UNKNOWN","5","rruff301_episode_plan.csv","","not_found_current_or_git_history","","xrd_robustness/reports/rruff301_episode_plan.csv","","","prereg承诺的原始episode/support-ID计划","bit-for-bit复现实验抽样","NO","MISSING","MISSING; retrospective replay plan不能冒充"
"MUST_TAKE","MISSING_AND_UNKNOWN","6-8","RRUFF-301 v1 raw metrics and predictions","","not_found_as_independent_blob","","","","","v1原始run/results/logs","完整保存失败实验与bug证据","NO","MISSING","MISSING; only erroneous split and later audit remain"
"SHOULD_TAKE","MISSING_AND_UNKNOWN","1","pipeline diagnostic raw per-sample results","","not_found","","","","","35-sample独立raw result","复核0.1886到0.2343历史数字","NO","MISSING","MISSING; report and input bundle survive"
"SHOULD_TAKE","MISSING_AND_UNKNOWN","10","rruff301_paired_comparisons.csv","","not_found","","","","","冻结的301 paired-delta CSV","直接复核75 paired comparisons","NO","MISSING","MISSING; can derive from raw runs but derivation is not original file"
"MUST_TAKE","MISSING_AND_UNKNOWN","5-12","complete command runtime and execution logs","","incomplete","","","","","原始命令环境lock stdout stderr timestamps GPU binding","严格复现实验治理链","NO","MISSING","MISSING_OR_INCOMPLETE"
"MUST_TAKE","MISSING_AND_UNKNOWN","9-12","valid checkpoint path binding in runner","","broken_reference","","","","","candidate runner指向不存在旧目录","复现前必须确认共享weights映射","NO","MISSING","UNKNOWN; actual weights exist at different path; Stage1 did not edit"
"SHOULD_TAKE","MISSING_AND_UNKNOWN","11-13","RRUFF-specific scientific figures","","not_found","","","","","独立RRUFF科学图与plot script","论文/申请可视化与结果复核","NO","MISSING","MISSING; current figures are shared-mainline or PPT QA only"
"MUST_TAKE","MISSING_AND_UNKNOWN","1-10","RRUFF private handoff redistribution clearance","","not_resolved","","","","","原始spectra DIF source ZIP的私人共同作者交接许可结论","决定哪些raw data能进入实际包","NO","MISSING","UNKNOWN; redistribution_rights_asserted=false; no legal conclusion made"
