training_seed,run_id,method,evaluation_seed,profile,macro_f1,accuracy,ece,nll,brier,mean_confidence,mean_entropy
20260711,seed_20260711_dynamic_erm,dynamic_erm,20260721,level0,0.6969800325643246,0.6984352773826458,0.2209413617976529,1.8275045097361167,0.4960855203188472,0.9193766391802988,0.20228780966158735
20260711,seed_20260711_dynamic_erm,dynamic_erm,20260721,in_range,0.6949786175124558,0.6960644855381698,0.22346692652767902,1.8646293154462428,0.5069381745018514,0.9191836650589734,0.20524087539880953
20260711,seed_20260711_dynamic_erm,dynamic_erm,20260721,ood_shift_negative,0.6939097380020992,0.6941678520625889,0.22603786969535328,1.850485188769862,0.5146148300790132,0.9202057217579421,0.20430982668987924
20260711,seed_20260711_dynamic_erm,dynamic_erm,20260721,ood_shift_positive,0.6909033096202626,0.6941678520625889,0.22198332944375299,1.93566609856143,0.5144023064961456,0.9157254113694286,0.21335217094739398
20260711,seed_20260711_dynamic_erm,dynamic_erm,20260721,ood_broadening,0.4460325031933818,0.4400189663347558,0.4585374205414296,5.522526587074232,0.9805014944174467,0.898178310403331,0.2607556158176187
20260711,seed_20260711_dynamic_erm,dynamic_erm,20260721,ood_noise,0.6735818078090371,0.6737790422000949,0.23815391254741589,2.0042487435631284,0.5424560025555722,0.9119329547475107,0.22443428068886667
20260711,seed_20260711_dynamic_erm,dynamic_erm,20260721,ood_background,0.6845248502836292,0.6865813181602656,0.2290496319716098,1.919713463681153,0.5232822092414715,0.9148643786673186,0.21781431429272868
20260711,seed_20260711_dynamic_erm,dynamic_erm,20260721,ood_texture,0.6291368661420993,0.6339497392128971,0.27017835578176863,2.16476001473685,0.6080385993250815,0.9041280949946657,0.2477321944516576
20260711,seed_20260711_dynamic_erm,dynamic_erm,20260721,ood_combo_shift_broadening,0.4375171173408034,0.43243243243243246,0.4649354329658606,5.552094626772016,1.0007419266102497,0.897367865398293,0.2618310478258131
20260711,seed_20260711_dynamic_erm,dynamic_erm,20260721,ood_combo_background_noise,0.6363712152012821,0.6344238975817923,0.25834268684803224,2.2023123390450214,0.6137277729996048,0.8927300038525368,0.2732617993411703
20260711,seed_20260711_dynamic_erm,dynamic_erm,20260721,ood_combo_texture_shift,0.6326837413401779,0.6367946894262684,0.26289465349395447,2.1747650896698576,0.6092092203541107,0.8996893429202228,0.25807573900416136
20260711,seed_20260711_dynamic_erm,dynamic_erm,20260721,ood_all,0.3451239483753939,0.34708392603129445,0.49547847858137745,4.718264193680575,1.096621212867319,0.8425624046126718,0.4100754211749935
20260711,seed_20260711_dynamic_erm,dynamic_erm,20260722,level0,0.6969800325643246,0.6984352773826458,0.2209413617976529,1.8275045097361167,0.4960855203188472,0.9193766391802988,0.20228780966158735
20260711,seed_20260711_dynamic_erm,dynamic_erm,20260722,in_range,0.7012643747227203,0.7022285443338074,0.22121328513958038,1.8405375705263203,0.5002878893067902,0.9234418294733878,0.19776660935644522
20260711,seed_20260711_dynamic_erm,dynamic_erm,20260722,ood_shift_negative,0.6977689270425497,0.6974869606448554,0.22222851192063772,1.808685113472173,0.5052149498794102,0.9193674940359767,0.2074455343672396
20260711,seed_20260711_dynamic_erm,dynamic_erm,20260722,ood_shift_positive,0.6898511890931535,0.6927453769559033,0.22441836882112381,1.9625132857016663,0.5132064710990921,0.9168305846965387,0.2111824382132707
20260711,seed_20260711_dynamic_erm,dynamic_erm,20260722,ood_broadening,0.44682396317802553,0.4419155998103367,0.4517343592564603,5.543099545466425,0.9757128108670611,0.8935473945368065,0.2674294515541951
20260711,seed_20260711_dynamic_erm,dynamic_erm,20260722,ood_noise,0.6833752762833674,0.6832622095779991,0.2289812170311759,1.932671238733232,0.5320351584046865,0.9118639610004742,0.2274867350010872
20260711,seed_20260711_dynamic_erm,dynamic_erm,20260722,ood_background,0.6918622279994695,0.6936936936936937,0.2201056808247392,1.9076811422264188,0.5099836875374749,0.913799374518433,0.21885724586299116
20260711,seed_20260711_dynamic_erm,dynamic_erm,20260722,ood_texture,0.6380331576918127,0.6410621147463252,0.25807585700420815,2.102260825709707,0.5922875650968213,0.898439467942449,0.26129206965637236
20260711,seed_20260711_dynamic_erm,dynamic_erm,20260722,ood_combo_shift_broadening,0.4430217186502689,0.4366998577524893,0.4542974306543386,5.677557864347106,0.9808379167679304,0.8902872084666904,0.27410236189809417
20260711,seed_20260711_dynamic_erm,dynamic_erm,20260722,ood_combo_background_noise,0.6354152770073241,0.6344238975817923,0.2630898270803699,2.230876062929619,0.6054648610703317,0.8968101273559744,0.2655062660810386
20260711,seed_20260711_dynamic_erm,dynamic_erm,20260722,ood_combo_texture_shift,0.6223568051434173,0.6258890469416786,0.27151632512446655,2.1507931713052075,0.6236678488858987,0.8974053720661451,0.26175188255625836
20260711,seed_20260711_dynamic_erm,dynamic_erm,20260722,ood_all,0.34658932740447584,0.3508771929824561,0.4883504752696776,4.519767233728446,1.0843295791828325,0.8392276682521337,0.4126311624147855
20260711,seed_20260711_dynamic_erm,dynamic_erm,20260723,level0,0.6969800325643246,0.6984352773826458,0.2209413617976529,1.8275045097361167,0.4960855203188472,0.9193766391802988,0.20228780966158735
20260711,seed_20260711_dynamic_erm,dynamic_erm,20260723,in_range,0.7038175185668314,0.7050734945471787,0.21772748025574923,1.866955389525552,0.5017758139709646,0.9228009748029279,0.19908296509143178
20260711,seed_20260711_dynamic_erm,dynamic_erm,20260723,ood_shift_negative,0.6933256469432935,0.6932195353247985,0.22708886672445472,1.8459572303089722,0.5155970984460412,0.9203084020492532,0.20434121356663715
20260711,seed_20260711_dynamic_erm,dynamic_erm,20260723,ood_shift_positive,0.6940003397297675,0.6970128022759602,0.22110273307847322,1.927392832571503,0.5049467222543352,0.9181155353544334,0.21062788386868037
20260711,seed_20260711_dynamic_erm,dynamic_erm,20260723,ood_broadening,0.4427730458258252,0.43764817449027976,0.45690877452287815,5.590949511024534,0.9880117206978424,0.8945569490131579,0.26599985394805714
20260711,seed_20260711_dynamic_erm,dynamic_erm,20260723,ood_noise,0.6737982555648633,0.6747273589378853,0.23437256901226888,1.959383198068326,0.5414396263045352,0.9090999279501542,0.2303342070855555
20260711,seed_20260711_dynamic_erm,dynamic_erm,20260723,ood_background,0.6836825757255713,0.6851588430535799,0.22745548282657652,1.9185450872290921,0.5212148947129651,0.9126143258801565,0.22158655967139199
20260711,seed_20260711_dynamic_erm,dynamic_erm,20260723,ood_texture,0.649137848602737,0.6519677572309152,0.24483299345809628,2.0420773660912115,0.5699009244651883,0.8964101719935396,0.2632692723975291
20260711,seed_20260711_dynamic_erm,dynamic_erm,20260723,ood_combo_shift_broadening,0.4199551030443228,0.4177335229966809,0.4772195612553344,5.851668061727154,1.0206142504338935,0.8949530842520151,0.2693239822786858
20260711,seed_20260711_dynamic_erm,dynamic_erm,20260723,ood_combo_background_noise,0.627560906720199,0.6254148885727833,0.26668317423097443,2.2942499484341288,0.6189220168651028,0.8911340025263751,0.2763021650031336
20260711,seed_20260711_dynamic_erm,dynamic_erm,20260723,ood_combo_texture_shift,0.6333603947876872,0.6372688477951636,0.26224453791785207,2.1022786876746045,0.6069668930874228,0.8995133857130156,0.25958828634533837
20260711,seed_20260711_dynamic_erm,dynamic_erm,20260723,ood_all,0.3395048948636213,0.34471313418681837,0.49612952024804413,4.687957095902179,1.1017305205310988,0.8408426544348625,0.41376253538835467
20260711,seed_20260711_js_lambda_60,dynamic_js,20260721,level0,0.7236251275752741,0.7240398293029872,0.1500442671289711,1.0244626384845836,0.4162581307006577,0.8736773111516122,0.3276900302709521
20260711,seed_20260711_js_lambda_60,dynamic_js,20260721,in_range,0.7217816586122047,0.7221431958274064,0.149065736686522,1.0317044723030961,0.41829737686789054,0.8712089325139284,0.3334685420183336
20260711,seed_20260711_js_lambda_60,dynamic_js,20260721,ood_shift_negative,0.7172768524443649,0.7178757705073494,0.14959499744399002,1.0371710751296264,0.42681732274675044,0.8674207590608701,0.34435239043915433
20260711,seed_20260711_js_lambda_60,dynamic_js,20260721,ood_shift_positive,0.7254543111513277,0.7249881460407777,0.1474749446197843,1.0499923674408593,0.418029526854249,0.8703592444212305,0.33557443078732685
20260711,seed_20260711_js_lambda_60,dynamic_js,20260721,ood_broadening,0.6233793198092837,0.6230440967283073,0.21762809916207324,1.7114591024722865,0.5785045738802927,0.8402030152582681,0.4102787508372383
20260711,seed_20260711_js_lambda_60,dynamic_js,20260721,ood_noise,0.6918569136878675,0.689900426742532,0.165050175586771,1.1708561167860856,0.4705618576340514,0.854950602329303,0.3768410401129912
20260711,seed_20260711_js_lambda_60,dynamic_js,20260721,ood_background,0.7147448119066092,0.7150308202939782,0.15475216427364868,1.0469998435316246,0.4261629184069443,0.8697829845676268,0.3368245805251931
20260711,seed_20260711_js_lambda_60,dynamic_js,20260721,ood_texture,0.6936151884081181,0.6936936936936937,0.16252021192656474,1.145031998737003,0.46522100881944184,0.8562139056202585,0.376622797689112
20260711,seed_20260711_js_lambda_60,dynamic_js,20260721,ood_combo_shift_broadening,0.6214854809016792,0.6220957799905168,0.215359929728248,1.6857605776292477,0.5765176837021614,0.8374557097187648,0.4200911178044458
20260711,seed_20260711_js_lambda_60,dynamic_js,20260721,ood_combo_background_noise,0.649496279534623,0.6481744902797535,0.18358246327124822,1.3437904931048612,0.5303145631710121,0.8317569535510017,0.4359184188079873
20260711,seed_20260711_js_lambda_60,dynamic_js,20260721,ood_combo_texture_shift,0.6914585641403642,0.692271218587008,0.15619536065670933,1.1385038111792956,0.4637879821112629,0.8465109074946657,0.3919125785433282
20260711,seed_20260711_js_lambda_60,dynamic_js,20260721,ood_all,0.395919151253799,0.41488857278330965,0.35758544574591045,3.1116440127815346,0.8934078476010836,0.77247401852922,0.5921090728394929
20260711,seed_20260711_js_lambda_60,dynamic_js,20260722,level0,0.7236251275752741,0.7240398293029872,0.1500442671289711,1.0244626384845836,0.4162581307006577,0.8736773111516122,0.3276900302709521
20260711,seed_20260711_js_lambda_60,dynamic_js,20260722,in_range,0.7145287714352226,0.7150308202939782,0.15725064085467044,1.032717700610156,0.42013157952081903,0.8722814611486487,0.32902906484313155
20260711,seed_20260711_js_lambda_60,dynamic_js,20260722,ood_shift_negative,0.7196601258587567,0.7197724039829303,0.1474825848669393,1.0358362165376578,0.42644335871808126,0.8672549888498696,0.34336276439968466
20260711,seed_20260711_js_lambda_60,dynamic_js,20260722,ood_shift_positive,0.7237339760058299,0.723565670934092,0.14875815885787103,1.058470301437422,0.4191602630236846,0.872323829791963,0.3335677807042076
20260711,seed_20260711_js_lambda_60,dynamic_js,20260722,ood_broadening,0.6185780995042414,0.6211474632527264,0.21839779618228422,1.7147233187510038,0.5718521107621244,0.8395452594350107,0.4098862916087273
20260711,seed_20260711_js_lambda_60,dynamic_js,20260722,ood_noise,0.6876321909739541,0.6865813181602656,0.1680015104537103,1.1577595887064727,0.4676754173733682,0.8538773791266595,0.38100237504521833
20260711,seed_20260711_js_lambda_60,dynamic_js,20260722,ood_background,0.7159224878998212,0.7159791370317686,0.1545165899863679,1.0505003432104223,0.4215430794739693,0.8704957270181366,0.33533235990703225
20260711,seed_20260711_js_lambda_60,dynamic_js,20260722,ood_texture,0.6870165048011847,0.6880037932669512,0.17005175920163584,1.1334438070003143,0.46379809364585334,0.857358437796349,0.36988790481006667
20260711,seed_20260711_js_lambda_60,dynamic_js,20260722,ood_combo_shift_broadening,0.6328821817510085,0.6325272641062115,0.20631549775515645,1.7400247263867537,0.5680299773982972,0.8368266627029991,0.4179408337259044
20260711,seed_20260711_js_lambda_60,dynamic_js,20260722,ood_combo_background_noise,0.641888935795139,0.6420104314841157,0.18893399335807842,1.4184260223965228,0.5392424377906705,0.8309444248421942,0.4431651941938962
20260711,seed_20260711_js_lambda_60,dynamic_js,20260722,ood_combo_texture_shift,0.6830736144573358,0.6832622095779991,0.16630595439189194,1.1334861593093435,0.4718398678179979,0.849568163969891,0.3900302094286883
20260711,seed_20260711_js_lambda_60,dynamic_js,20260722,ood_all,0.40254742609651223,0.42342342342342343,0.3456329157590979,3.062527582090213,0.8855491085414011,0.7690563391825214,0.5954542147466729
20260711,seed_20260711_js_lambda_60,dynamic_js,20260723,level0,0.7236251275752741,0.7240398293029872,0.1500442671289711,1.0244626384845836,0.4162581307006577,0.8736773111516122,0.3276900302709521
20260711,seed_20260711_js_lambda_60,dynamic_js,20260723,in_range,0.7260993661376194,0.7264106211474632,0.14704002933854904,1.0343550983758327,0.41829585754654125,0.872450241153983,0.33020421893201185
20260711,seed_20260711_js_lambda_60,dynamic_js,20260723,ood_shift_negative,0.7193588567578538,0.7197724039829303,0.14929181854551915,1.0479805727656386,0.4317793127106819,0.8690642225284495,0.3415622587309396
20260711,seed_20260711_js_lambda_60,dynamic_js,20260723,ood_shift_positive,0.7221534576371018,0.7221431958274064,0.1505996899448791,1.0553420915026237,0.4197175291016662,0.8727428857722854,0.3330311405870063
20260711,seed_20260711_js_lambda_60,dynamic_js,20260723,ood_broadening,0.6165977781346857,0.6178283546704599,0.22430903225388216,1.7334406001880072,0.5859151594165329,0.8421373869243421,0.4079990261593724
20260711,seed_20260711_js_lambda_60,dynamic_js,20260723,ood_noise,0.6932398470961638,0.6927453769559033,0.16292937031398172,1.1670257777643283,0.4579151955795251,0.8548938214015825,0.37656421385649047
20260711,seed_20260711_js_lambda_60,dynamic_js,20260723,ood_background,0.7179192830247736,0.7178757705073494,0.15273803305772882,1.05519393312261,0.4270018040471111,0.8705461989538881,0.33729666097999966
20260711,seed_20260711_js_lambda_60,dynamic_js,20260723,ood_texture,0.701645833865128,0.701280227596017,0.155185806180358,1.1411461825412603,0.4569265815195362,0.8564660337763751,0.37133974801406583
20260711,seed_20260711_js_lambda_60,dynamic_js,20260723,ood_combo_shift_broadening,0.6141875938068149,0.615931721194879,0.2234218953739924,1.7911084068171341,0.5959183227756516,0.8393536165688715,0.41653355612846377
20260711,seed_20260711_js_lambda_60,dynamic_js,20260723,ood_combo_background_noise,0.6185156200686415,0.6187766714082503,0.21429180002370793,1.4714745628646775,0.5719216045581091,0.8330684714319583,0.4339976125663632
20260711,seed_20260711_js_lambda_60,dynamic_js,20260723,ood_combo_texture_shift,0.6901072348023692,0.6903745851114272,0.16170316852625652,1.1574097683458142,0.46847740458918674,0.8520777536376838,0.38487915014431134
20260711,seed_20260711_js_lambda_60,dynamic_js,20260723,ood_all,0.38986695016384804,0.41014698909435754,0.35632955117946896,3.1143978218213415,0.8973606377838431,0.7662401556573021,0.6006055262242004
20260712,seed_20260712_dynamic_erm,dynamic_erm,20260721,level0,0.705709124307212,0.705547652916074,0.2146285497051327,1.7888227522498292,0.49193622571481266,0.9201762026212067,0.20314919218928484
20260712,seed_20260712_dynamic_erm,dynamic_erm,20260721,in_range,0.6922225536452729,0.692271218587008,0.22302795960022515,1.8596454199996524,0.5074904020998128,0.9152991781872333,0.21278239373438682
20260712,seed_20260712_dynamic_erm,dynamic_erm,20260721,ood_shift_negative,0.6886134324202148,0.689900426742532,0.2294410788769855,1.905003239366558,0.5237923099496261,0.9193415056195176,0.20795760828849366
20260712,seed_20260712_dynamic_erm,dynamic_erm,20260721,ood_shift_positive,0.6945342403638743,0.6946420104314841,0.2252042724262091,1.9148199998323567,0.5177303615128047,0.9191931574872569,0.20785207620311671
20260712,seed_20260712_dynamic_erm,dynamic_erm,20260721,ood_broadening,0.5810918462502229,0.5756282598387862,0.3232673077065552,3.04235350441854,0.724373924931484,0.8988955675453414,0.2557348146068907
20260712,seed_20260712_dynamic_erm,dynamic_erm,20260721,ood_noise,0.6726877073106732,0.6709340919867236,0.2409062537043623,1.9807332478967463,0.5522092725804288,0.9118403456910859,0.22581436274061795
20260712,seed_20260712_dynamic_erm,dynamic_erm,20260721,ood_background,0.6837747654910838,0.6818397344713134,0.2299857937707444,1.9424902299676396,0.5327817030684266,0.9112532042733523,0.22688362403769533
20260712,seed_20260712_dynamic_erm,dynamic_erm,20260721,ood_texture,0.608489798056446,0.6121384542437174,0.28739623155227595,2.3596782920145003,0.6440907569352766,0.899190180106093,0.2559295543677029
20260712,seed_20260712_dynamic_erm,dynamic_erm,20260721,ood_combo_shift_broadening,0.5733567734139502,0.566145092460882,0.32975665581288527,3.004523275693947,0.7321326141121149,0.8959017482737672,0.26557900739387974
20260712,seed_20260712_dynamic_erm,dynamic_erm,20260721,ood_combo_background_noise,0.6109188609223238,0.6073968705547653,0.2894171926861071,2.376403997508939,0.6577081591245081,0.8952867083777857,0.26917656715997756
20260712,seed_20260712_dynamic_erm,dynamic_erm,20260721,ood_combo_texture_shift,0.603424905027982,0.6069227121858701,0.2917884475758653,2.396379601484549,0.6522018022692253,0.8987111597617354,0.2585798482996126
20260712,seed_20260712_dynamic_erm,dynamic_erm,20260721,ood_all,0.3333480820244931,0.3361782835467046,0.5102007718038764,4.785920950011636,1.1177738319674015,0.8463790553505809,0.39596330752642284
20260712,seed_20260712_dynamic_erm,dynamic_erm,20260722,level0,0.705709124307212,0.705547652916074,0.2146285497051327,1.7888227522498292,0.49193622571481266,0.9201762026212067,0.20314919218928484
20260712,seed_20260712_dynamic_erm,dynamic_erm,20260722,in_range,0.7021199208785632,0.7017543859649122,0.21851975073346375,1.8336693373918855,0.5066519606820507,0.920274136698376,0.20416655116015772
20260712,seed_20260712_dynamic_erm,dynamic_erm,20260722,ood_shift_negative,0.6951365613255637,0.696538643907065,0.22063019536806544,1.8851152326394656,0.5111106877099486,0.9171688392751304,0.21019833020088324
20260712,seed_20260712_dynamic_erm,dynamic_erm,20260722,ood_shift_positive,0.6916079475701036,0.692271218587008,0.22531042555713607,1.9218706297125043,0.5220000482882609,0.9165886435366287,0.21160655292631644
20260712,seed_20260712_dynamic_erm,dynamic_erm,20260722,ood_broadening,0.5803392149925559,0.5732574679943101,0.33170109871384545,3.065844045855593,0.730518886219433,0.9049585667081556,0.2438686611971048
20260712,seed_20260712_dynamic_erm,dynamic_erm,20260722,ood_noise,0.6644086467070254,0.6633475580844002,0.2444714708540778,1.988041539546924,0.5569008722781188,0.907819028938478,0.2330144530318462
20260712,seed_20260712_dynamic_erm,dynamic_erm,20260722,ood_background,0.6844507479982987,0.6827880512091038,0.22898515291607396,1.9367250938193337,0.5331277921617364,0.9117732041251778,0.2257751936640556
20260712,seed_20260712_dynamic_erm,dynamic_erm,20260722,ood_texture,0.6247728183780138,0.6277856804172594,0.2715442236027146,2.2259834992350838,0.6204927145566959,0.8993299040199739,0.2558116301175809
20260712,seed_20260712_dynamic_erm,dynamic_erm,20260722,ood_combo_shift_broadening,0.573930708315963,0.5666192508297772,0.3310009742472736,3.105147360182535,0.7387055450482166,0.896987473699028,0.259342668098891
20260712,seed_20260712_dynamic_erm,dynamic_erm,20260722,ood_combo_background_noise,0.6128584052774194,0.6083451872925557,0.28759626711415365,2.413904522997423,0.6568341764532333,0.8959414544067094,0.2668944317128525
20260712,seed_20260712_dynamic_erm,dynamic_erm,20260722,ood_combo_texture_shift,0.608361669509761,0.611190137505927,0.28651575094831677,2.328593513081211,0.6468131238690209,0.8976190674638455,0.2623222963006258
20260712,seed_20260712_dynamic_erm,dynamic_erm,20260722,ood_all,0.32780226519685307,0.3361782835467046,0.5085473528627311,4.756230087639932,1.115363286627783,0.8445563933588194,0.4034081648377021
20260712,seed_20260712_dynamic_erm,dynamic_erm,20260723,level0,0.705709124307212,0.705547652916074,0.2146285497051327,1.7888227522498292,0.49193622571481266,0.9201762026212067,0.20314919218928484
20260712,seed_20260712_dynamic_erm,dynamic_erm,20260723,in_range,0.6993597585103873,0.6998577524893315,0.2176597598832385,1.8349136150598007,0.4959002947553278,0.91751751237257,0.20904262368283277
20260712,seed_20260712_dynamic_erm,dynamic_erm,20260723,ood_shift_negative,0.6925288299309258,0.6936936936936937,0.22690584807669506,1.9280437395173795,0.5220205719125126,0.9201295508090327,0.20477621409414506
20260712,seed_20260712_dynamic_erm,dynamic_erm,20260723,ood_shift_positive,0.6909314248066144,0.6917970602181128,0.22794746843883357,1.9304722596160193,0.5220924525697805,0.9197445286569464,0.20472711857867656
20260712,seed_20260712_dynamic_erm,dynamic_erm,20260723,ood_broadening,0.5775437085965344,0.5718349928876245,0.32735507145714793,3.0560840749628824,0.7226398793543531,0.8991900643447724,0.25478977355861887
20260712,seed_20260712_dynamic_erm,dynamic_erm,20260723,ood_noise,0.6719927823219808,0.6709340919867236,0.23889929969031537,1.9794391060012837,0.54978806037812,0.9094599456570057,0.22982228654512135
20260712,seed_20260712_dynamic_erm,dynamic_erm,20260723,ood_background,0.6742248043826395,0.671882408724514,0.23782688681691563,1.9652199641683945,0.5461726862995806,0.9097092955414295,0.22736186579260542
20260712,seed_20260712_dynamic_erm,dynamic_erm,20260723,ood_texture,0.6188911707195263,0.6211474632527264,0.278955957911036,2.3117052331944654,0.636146271662991,0.9000205360582622,0.2525969472584223
20260712,seed_20260712_dynamic_erm,dynamic_erm,20260723,ood_combo_shift_broadening,0.5473386976912759,0.5410146989094358,0.3541070495865932,3.14403785481838,0.7700381913215018,0.8947656666740754,0.266391058467834
20260712,seed_20260712_dynamic_erm,dynamic_erm,20260723,ood_combo_background_noise,0.5915203251395701,0.5874822190611664,0.30839961826546947,2.529264508209545,0.6907571230136459,0.8944225501200214,0.27192285185774523
20260712,seed_20260712_dynamic_erm,dynamic_erm,20260723,ood_combo_texture_shift,0.6095236831088272,0.6121384542437174,0.28324479907539124,2.360449089959693,0.6458747446820824,0.8953832533191086,0.2634546792956677
20260712,seed_20260712_dynamic_erm,dynamic_erm,20260723,ood_all,0.3257005758165094,0.3285917496443812,0.5086567473106329,4.937894953951476,1.1318422917681488,0.8372484969550142,0.41642137931892037
20260712,seed_20260712_js_lambda_60,dynamic_js,20260721,level0,0.7440255013690787,0.7439544807965861,0.18184494373073737,1.3552652401202727,0.42206506646118436,0.9221323374155406,0.19941781970286024
20260712,seed_20260712_js_lambda_60,dynamic_js,20260721,in_range,0.7414805892997512,0.7411095305832148,0.18122515762061403,1.3736362865779477,0.42552051725110773,0.9217012422578829,0.20082448167441522
20260712,seed_20260712_js_lambda_60,dynamic_js,20260721,ood_shift_negative,0.7378217051922954,0.7377904220009484,0.18156132849543624,1.3914445366202437,0.4332168032712949,0.9193517504963845,0.20712036158656028
20260712,seed_20260712_js_lambda_60,dynamic_js,20260721,ood_shift_positive,0.7352845899074953,0.7349454717875771,0.18503787247362496,1.3876006482586942,0.4366763463514932,0.9195858198864983,0.20508944310664787
20260712,seed_20260712_js_lambda_60,dynamic_js,20260721,ood_broadening,0.6671764126825661,0.6614509246088194,0.24226251333570417,1.953922979370303,0.5610205193305492,0.9035786917674253,0.24618613691759844
20260712,seed_20260712_js_lambda_60,dynamic_js,20260721,ood_noise,0.7096860829550307,0.70791844476055,0.19882238323850165,1.5086736263071594,0.4747583089728914,0.9067408279990516,0.24068043762165742
20260712,seed_20260712_js_lambda_60,dynamic_js,20260721,ood_background,0.7366905321211907,0.7368421052631579,0.1839217018210645,1.381402749870304,0.43277575104670024,0.9197749738842461,0.20656547104624545
20260712,seed_20260712_js_lambda_60,dynamic_js,20260721,ood_texture,0.7057074674369005,0.7064959696538644,0.19985937314781888,1.5303496710909508,0.47991024281978223,0.9049713004534139,0.2420365663421567
20260712,seed_20260712_js_lambda_60,dynamic_js,20260721,ood_combo_shift_broadening,0.6643523432824222,0.6586059743954481,0.24385886194582737,1.9454947750785923,0.5687192214836874,0.9014595650337838,0.2528227063968311
20260712,seed_20260712_js_lambda_60,dynamic_js,20260721,ood_combo_background_noise,0.656474252255312,0.65149359886202,0.23751734104581557,1.8502869329880571,0.5677438040208369,0.8872576189470721,0.28897317231100905
20260712,seed_20260712_js_lambda_60,dynamic_js,20260721,ood_combo_texture_shift,0.7004235098022776,0.701280227596017,0.20520048471580127,1.55380790105066,0.48868464634130765,0.9058470348432314,0.24145645728329868
20260712,seed_20260712_js_lambda_60,dynamic_js,20260721,ood_all,0.3200219916679898,0.3404457088667615,0.4973189678165007,5.5332250252494335,1.1029046280678458,0.8377646766832622,0.40940367526242816
20260712,seed_20260712_js_lambda_60,dynamic_js,20260722,level0,0.7440255013690787,0.7439544807965861,0.18184494373073737,1.3552652401202727,0.42206506646118436,0.9221323374155406,0.19941781970286024
20260712,seed_20260712_js_lambda_60,dynamic_js,20260722,in_range,0.7426865137119133,0.7430061640587956,0.18172293129889755,1.374108984574166,0.4289758790552806,0.9222895412888217,0.199144722181337
20260712,seed_20260712_js_lambda_60,dynamic_js,20260722,ood_shift_negative,0.7411866173263412,0.7411095305832148,0.18103704547475105,1.3757865681768258,0.42856497747848366,0.9208123110775249,0.20549350705771352
20260712,seed_20260712_js_lambda_60,dynamic_js,20260722,ood_shift_positive,0.7382336246326877,0.7377904220009484,0.18109758864538877,1.3711799574979218,0.43317598649384087,0.9188880106463371,0.20619107486978533
20260712,seed_20260712_js_lambda_60,dynamic_js,20260722,ood_broadening,0.6685207432945096,0.6638217164532954,0.23729913095661456,1.9316663087095702,0.5538851096196938,0.9011208474099099,0.24893605402232705
20260712,seed_20260712_js_lambda_60,dynamic_js,20260722,ood_noise,0.702052222349601,0.7008060692271219,0.20829733156264818,1.553398973145006,0.4807575199523582,0.90910340078977,0.23431076003852366
20260712,seed_20260712_js_lambda_60,dynamic_js,20260722,ood_background,0.7408434018219331,0.7411095305832148,0.17862897848506398,1.4018067066082907,0.43116859416474207,0.919616265113798,0.20443393829906573
20260712,seed_20260712_js_lambda_60,dynamic_js,20260722,ood_texture,0.713228983431265,0.7140825035561877,0.19150858300734946,1.4813463903687913,0.47218366652829225,0.9055910865635373,0.2385619673925007
20260712,seed_20260712_js_lambda_60,dynamic_js,20260722,ood_combo_shift_broadening,0.6608813069160425,0.6557610241820768,0.2467577569345662,1.9740032893721018,0.5719360596430788,0.9014667422356567,0.2508987202195565
20260712,seed_20260712_js_lambda_60,dynamic_js,20260722,ood_combo_background_noise,0.6455258463348242,0.6415362731152204,0.250404354292615,1.9249114034415533,0.5829710812247937,0.8912134147922594,0.2818355491167796
20260712,seed_20260712_js_lambda_60,dynamic_js,20260722,ood_combo_texture_shift,0.7025415069932325,0.7036510194404931,0.19805766395507352,1.464809192457258,0.47958000085400104,0.9016325124466572,0.2496871164998582
20260712,seed_20260712_js_lambda_60,dynamic_js,20260722,ood_all,0.3354189524654826,0.3541963015647226,0.4899655772137269,5.594265513948437,1.0860749425306964,0.8441618787784495,0.3971685492197003
20260712,seed_20260712_js_lambda_60,dynamic_js,20260723,level0,0.7440255013690787,0.7439544807965861,0.18184494373073737,1.3552652401202727,0.42206506646118436,0.9221323374155406,0.19941781970286024
20260712,seed_20260712_js_lambda_60,dynamic_js,20260723,in_range,0.7379324838307022,0.7377904220009484,0.1849106507823613,1.3813281282858152,0.43189811865169486,0.9227010727833096,0.1967383565794923
20260712,seed_20260712_js_lambda_60,dynamic_js,20260723,ood_shift_negative,0.7396854510432418,0.7396870554765291,0.17798256727121864,1.3906720610078809,0.43346410977545596,0.9176696227477478,0.20942330777192916
20260712,seed_20260712_js_lambda_60,dynamic_js,20260723,ood_shift_positive,0.7386932227931176,0.7377904220009484,0.18568150541577766,1.3819426915873805,0.4345643604381257,0.9209534241272522,0.20315958539917817
20260712,seed_20260712_js_lambda_60,dynamic_js,20260723,ood_broadening,0.6704973315549038,0.6642958748221907,0.2371335922682551,1.9901564565397865,0.5585833477095656,0.9011905357248696,0.24838706825596368
20260712,seed_20260712_js_lambda_60,dynamic_js,20260723,ood_noise,0.7055293047804552,0.7027027027027027,0.20478003959963254,1.5601330854170479,0.48660357239984725,0.9074827423023353,0.23814789566994785
20260712,seed_20260712_js_lambda_60,dynamic_js,20260723,ood_background,0.7330765317965422,0.7330488383119962,0.18950139747066147,1.4219337925189803,0.43826363116882094,0.9206147065033784,0.20450016493563572
20260712,seed_20260712_js_lambda_60,dynamic_js,20260723,ood_texture,0.7173166941651409,0.7174016121384542,0.19234079114064728,1.4550499489072446,0.4639218699439722,0.9097424032791015,0.23124842183437747
20260712,seed_20260712_js_lambda_60,dynamic_js,20260723,ood_combo_shift_broadening,0.6593588872570469,0.6538643907064959,0.24295302961267184,1.9664963902022834,0.5687691691983002,0.8968174203191679,0.2591468014835123
20260712,seed_20260712_js_lambda_60,dynamic_js,20260723,ood_combo_background_noise,0.6378258393681657,0.6334755808440019,0.2524247366198435,2.041831686473042,0.5899831049954823,0.88585771729789,0.29232618458273774
20260712,seed_20260712_js_lambda_60,dynamic_js,20260723,ood_combo_texture_shift,0.7059826096469626,0.7064959696538644,0.19903642592016363,1.509617622979165,0.4776898679665084,0.904716046741643,0.24495434254614504
20260712,seed_20260712_js_lambda_60,dynamic_js,20260723,ood_all,0.34518259545401836,0.3575154101469891,0.48257606907894735,5.438234728342095,1.079159364575883,0.8400914792259364,0.4027920964413332
20260713,seed_20260713_dynamic_erm,dynamic_erm,20260721,level0,0.703206689286821,0.7041251778093883,0.23127942652767897,2.0391897238707313,0.5104775119582934,0.9354046043370673,0.16531610625875054
20260713,seed_20260713_dynamic_erm,dynamic_erm,20260721,in_range,0.6979500650837117,0.6993835941204363,0.23749661976944056,2.1003601699212444,0.5241288684408931,0.9362092612760787,0.1660112192846522
20260713,seed_20260713_dynamic_erm,dynamic_erm,20260721,ood_shift_negative,0.6967185396357545,0.6998577524893315,0.23105913273470843,2.0977657258045537,0.5076064209607289,0.9309168852240398,0.1754841408570208
20260713,seed_20260713_dynamic_erm,dynamic_erm,20260721,ood_shift_positive,0.6838990959352821,0.687529634898056,0.24190585270714793,2.173253330308525,0.5383297764052465,0.9294354876052039,0.1795891471465071
20260713,seed_20260713_dynamic_erm,dynamic_erm,20260721,ood_broadening,0.5821860553971733,0.5713608345187292,0.34042267236397583,3.7810741803941195,0.7522673102374774,0.9117763296808321,0.22082213693066916
20260713,seed_20260713_dynamic_erm,dynamic_erm,20260721,ood_noise,0.6738416734064293,0.6756756756756757,0.2473762696701636,2.1673143613892356,0.5615982023053641,0.9230519453458392,0.19917887502482398
20260713,seed_20260713_dynamic_erm,dynamic_erm,20260721,ood_background,0.6961217306813635,0.696538643907065,0.23251541014698918,2.1342378952645036,0.5383134066349967,0.9288572598091512,0.18323105196534736
20260713,seed_20260713_dynamic_erm,dynamic_erm,20260721,ood_texture,0.6244019407356809,0.6320531057373162,0.2797952274848862,2.569340999838896,0.6292618927273353,0.9118483332222025,0.2218170733735698
20260713,seed_20260713_dynamic_erm,dynamic_erm,20260721,ood_combo_shift_broadening,0.557576950728894,0.55049786628734,0.3641829149256164,4.006985334076509,0.7929227512123345,0.9143147439174372,0.2160036226918974
20260713,seed_20260713_dynamic_erm,dynamic_erm,20260721,ood_combo_background_noise,0.6308749815889378,0.6287339971550497,0.2805822887031769,2.389016132640305,0.6339549781565814,0.9093162858582267,0.234886997682268
20260713,seed_20260713_dynamic_erm,dynamic_erm,20260721,ood_combo_texture_shift,0.6167496826220279,0.6263632053105738,0.28419994573109286,2.7003046901346135,0.6390899741605414,0.9105168465134542,0.22606422982270305
20260713,seed_20260713_dynamic_erm,dynamic_erm,20260721,ood_all,0.35462946332866413,0.3560929350403035,0.4982701785873044,5.021922467528861,1.0976275620297344,0.8543631136276079,0.37364498598856805
20260713,seed_20260713_dynamic_erm,dynamic_erm,20260722,level0,0.703206689286821,0.7041251778093883,0.23127942652767897,2.0391897238707313,0.5104775119582934,0.9354046043370673,0.16531610625875054
20260713,seed_20260713_dynamic_erm,dynamic_erm,20260722,in_range,0.6988249100757782,0.7003319108582267,0.231411973239687,2.0170251456233337,0.5152233646666231,0.9310129671200806,0.17290486300019728
20260713,seed_20260713_dynamic_erm,dynamic_erm,20260722,ood_shift_negative,0.694511309598715,0.696538643907065,0.23752255030523944,2.1253274504877306,0.5194537577268883,0.933668068767781,0.17052255183111292
20260713,seed_20260713_dynamic_erm,dynamic_erm,20260722,ood_shift_positive,0.6888606660858801,0.692271218587008,0.23993524774774777,2.1856715884889892,0.5363447156386238,0.9308891025071123,0.17762327023114965
20260713,seed_20260713_dynamic_erm,dynamic_erm,20260722,ood_broadening,0.5807389072155942,0.5689900426742532,0.3481857422801091,3.8080019193729195,0.7537065268724101,0.915944779071835,0.21398360177281486
20260713,seed_20260713_dynamic_erm,dynamic_erm,20260722,ood_noise,0.6670183819155255,0.6685633001422475,0.2553107821020034,2.243448403859461,0.5689130695596072,0.9232299862568161,0.19922112220376528
20260713,seed_20260713_dynamic_erm,dynamic_erm,20260722,ood_background,0.6827467584774176,0.6827880512091038,0.24780470231744905,2.1828205987611082,0.5433636268251743,0.9304512931928639,0.18025650180990416
20260713,seed_20260713_dynamic_erm,dynamic_erm,20260722,ood_texture,0.6325725569888345,0.6386913229018493,0.27045039488501665,2.4755850057849473,0.6175207823393121,0.9091417177868658,0.23212992245501068
20260713,seed_20260713_dynamic_erm,dynamic_erm,20260722,ood_combo_shift_broadening,0.5664155037935091,0.5590327169274538,0.35704819745732574,4.035141505505445,0.7806424914705165,0.9150355896603841,0.21637016057097636
20260713,seed_20260713_dynamic_erm,dynamic_erm,20260722,ood_combo_background_noise,0.636113644161657,0.6344238975817923,0.27636660869339735,2.4194758756134167,0.620982053795699,0.910091307899182,0.23091429185904236
20260713,seed_20260713_dynamic_erm,dynamic_erm,20260722,ood_combo_texture_shift,0.6209553110571447,0.6282598387861545,0.28345837871177104,2.585366214091912,0.6340853210793364,0.9117182174979256,0.2272931935340157
20260713,seed_20260713_dynamic_erm,dynamic_erm,20260722,ood_all,0.36493450574910236,0.36462778568041726,0.484186887854137,4.744073740991811,1.0671933487331677,0.8488146735345543,0.3829246979946298
20260713,seed_20260713_dynamic_erm,dynamic_erm,20260723,level0,0.703206689286821,0.7041251778093883,0.23127942652767897,2.0391897238707313,0.5104775119582934,0.9354046043370673,0.16531610625875054
20260713,seed_20260713_dynamic_erm,dynamic_erm,20260723,in_range,0.6993990233699222,0.7008060692271219,0.2353281787132528,2.0871860770813933,0.5217140942660256,0.9361342479403746,0.16242547386390643
20260713,seed_20260713_dynamic_erm,dynamic_erm,20260723,ood_shift_negative,0.6920085177029408,0.6941678520625889,0.23931499859234237,2.166411175508228,0.5229599258472276,0.9334828506549312,0.17035633588273397
20260713,seed_20260713_dynamic_erm,dynamic_erm,20260723,ood_shift_positive,0.6923029301849982,0.6951161688003793,0.23619025326724752,2.1905562090258384,0.532806185135986,0.9313064220676268,0.17755723565522788
20260713,seed_20260713_dynamic_erm,dynamic_erm,20260723,ood_broadening,0.5765286843288712,0.5666192508297772,0.347255831592283,3.910364776287571,0.7656694984560856,0.9135583594490873,0.2163059877172146
20260713,seed_20260713_dynamic_erm,dynamic_erm,20260723,ood_noise,0.6656105814725698,0.6666666666666666,0.2589153581006994,2.192149208958264,0.5666283434748899,0.9255820247673661,0.19539069267900877
20260713,seed_20260713_dynamic_erm,dynamic_erm,20260723,ood_background,0.6802911440736388,0.6799431009957326,0.2511001955903272,2.1601249184494264,0.5502769214694472,0.9296446683114035,0.18283801503734975
20260713,seed_20260713_dynamic_erm,dynamic_erm,20260723,ood_texture,0.6278368261829185,0.635846372688478,0.2767465373473803,2.529538972902205,0.6254357899659935,0.9119235780805477,0.22197980494673844
20260713,seed_20260713_dynamic_erm,dynamic_erm,20260723,ood_combo_shift_broadening,0.5571006654512447,0.5490753911806543,0.3615201730307611,4.075009235632075,0.791802160625612,0.9105955642114154,0.2282940102879419
20260713,seed_20260713_dynamic_erm,dynamic_erm,20260723,ood_combo_background_noise,0.6254118072699437,0.6230440967283073,0.28857682337971197,2.494542605443302,0.6460081928731413,0.9116209201080192,0.23131255813591867
20260713,seed_20260713_dynamic_erm,dynamic_erm,20260723,ood_combo_texture_shift,0.6177796108771281,0.626837363679469,0.2873285111797653,2.60916270518844,0.6411345030141217,0.9141658748592343,0.22341575307904563
20260713,seed_20260713_dynamic_erm,dynamic_erm,20260723,ood_all,0.3553833676465326,0.3560929350403035,0.49546169318990035,4.991254341309536,1.0984090866936134,0.8514925801623993,0.38236476247553186
20260713,seed_20260713_js_lambda_60,dynamic_js,20260721,level0,0.7461428532235186,0.7472735893788526,0.17760472232100524,1.2790483895618217,0.4182444985771741,0.924499077613798,0.19555441132681364
20260713,seed_20260713_js_lambda_60,dynamic_js,20260721,in_range,0.749217043659998,0.7501185395922239,0.17474379704540066,1.2897125644696723,0.41847135816089465,0.9234732007912517,0.19754844390118517
20260713,seed_20260713_js_lambda_60,dynamic_js,20260721,ood_shift_negative,0.7444374341780902,0.7453769559032717,0.17613872095779998,1.3155453391366838,0.4234609706305892,0.9196208955666193,0.20361007999346942
20260713,seed_20260713_js_lambda_60,dynamic_js,20260721,ood_shift_positive,0.7375471245820552,0.7382645803698435,0.18116079432639878,1.3225426467836072,0.4321766915658455,0.9193582331303343,0.20799316128571557
20260713,seed_20260713_js_lambda_60,dynamic_js,20260721,ood_broadening,0.6014954723768705,0.5979137031768611,0.286000034265351,2.57745520910604,0.6647118631362122,0.8835389022863324,0.2903967569073398
20260713,seed_20260713_js_lambda_60,dynamic_js,20260721,ood_noise,0.7073369389602989,0.7060218112849692,0.20293156283339261,1.488753906893121,0.4813158408725548,0.9082419050423779,0.23703537965302657
20260713,seed_20260713_js_lambda_60,dynamic_js,20260721,ood_background,0.7451927572013908,0.7463252726410621,0.18039734841749638,1.3039857949356,0.4215438146922623,0.9249702261883594,0.19775160938258732
20260713,seed_20260713_js_lambda_60,dynamic_js,20260721,ood_texture,0.7040320362190097,0.7064959696538644,0.19752759286836177,1.4441013586157387,0.4722077141759246,0.9040235625222262,0.24530586081235903
20260713,seed_20260713_js_lambda_60,dynamic_js,20260721,ood_combo_shift_broadening,0.5919019864694658,0.5884305357989569,0.29445072642543857,2.5681508544943097,0.6786919116184722,0.8827840227151493,0.2972194438415881
20260713,seed_20260713_js_lambda_60,dynamic_js,20260721,ood_combo_background_noise,0.669874343115717,0.6671408250355618,0.22503352447842587,1.6383814162550934,0.5380282955499801,0.8921743495139877,0.2771392158852359
20260713,seed_20260713_js_lambda_60,dynamic_js,20260721,ood_combo_texture_shift,0.7092631043283066,0.7112375533428165,0.19121559110508532,1.450487541403275,0.4738319342757463,0.9015610877118895,0.24794704900226203
20260713,seed_20260713_js_lambda_60,dynamic_js,20260721,ood_all,0.34913661015026815,0.3665244191559981,0.47675663173453053,4.948956821851928,1.0581969331275094,0.8432810508905287,0.39814983746438265
20260713,seed_20260713_js_lambda_60,dynamic_js,20260722,level0,0.7461428532235186,0.7472735893788526,0.17760472232100524,1.2790483895618217,0.4182444985771741,0.924499077613798,0.19555441132681364
20260713,seed_20260713_js_lambda_60,dynamic_js,20260722,in_range,0.7447497878769117,0.7458511142721669,0.17794506060336646,1.2871160805685196,0.4217935010938829,0.9237961748755334,0.19678680881510677
20260713,seed_20260713_js_lambda_60,dynamic_js,20260722,ood_shift_negative,0.7442923610666217,0.7449027975343765,0.17592282609500948,1.321899994448531,0.42361621198126204,0.9208256236293859,0.20304796750364443
20260713,seed_20260713_js_lambda_60,dynamic_js,20260722,ood_shift_positive,0.7401145352806058,0.7406353722143196,0.180263412569642,1.3266644264452765,0.4327958496264983,0.9208987847839616,0.2052648983537912
20260713,seed_20260713_js_lambda_60,dynamic_js,20260722,ood_broadening,0.601768665571619,0.5998103366524419,0.2864303190937648,2.526603320520679,0.6559751745219904,0.8855960967134898,0.2901620887403097
20260713,seed_20260713_js_lambda_60,dynamic_js,20260722,ood_noise,0.7091635832828843,0.7083926031294452,0.20039037032509482,1.4527310654511367,0.4722707733719536,0.9066008725625296,0.24206926442769858
20260713,seed_20260713_js_lambda_60,dynamic_js,20260722,ood_background,0.7441278999684234,0.7449027975343765,0.17851391173245618,1.2963851738423633,0.4221447415049443,0.9234167092668326,0.1986753405054694
20260713,seed_20260713_js_lambda_60,dynamic_js,20260722,ood_texture,0.7098460947534608,0.712185870080607,0.19340845779990515,1.4397818394996533,0.46803393406307076,0.9055943278805121,0.24290121549824925
20260713,seed_20260713_js_lambda_60,dynamic_js,20260722,ood_combo_shift_broadening,0.5964086368601114,0.5936462778568041,0.29201904412636315,2.5706884891921877,0.6728375547140107,0.8856653219831674,0.2929178521611512
20260713,seed_20260713_js_lambda_60,dynamic_js,20260722,ood_combo_background_noise,0.6730360715322485,0.6704599336178284,0.22302842264550732,1.6925996786850306,0.5376983272802202,0.8934883562633357,0.27716410139599007
20260713,seed_20260713_js_lambda_60,dynamic_js,20260722,ood_combo_texture_shift,0.7027787818642179,0.7045993361782835,0.20489128622866293,1.4575888066705307,0.48804479876768,0.9083105515054528,0.23898973722644662
20260713,seed_20260713_js_lambda_60,dynamic_js,20260722,ood_all,0.35792737675817815,0.37221431958274065,0.46803262709666904,4.902400007771968,1.0404280819412444,0.8402469466794097,0.40290645371779255
20260713,seed_20260713_js_lambda_60,dynamic_js,20260723,level0,0.7461428532235186,0.7472735893788526,0.17760472232100524,1.2790483895618217,0.4182444985771741,0.924499077613798,0.19555441132681364
20260713,seed_20260713_js_lambda_60,dynamic_js,20260723,in_range,0.7419902378985197,0.7430061640587956,0.1794165027486368,1.2942498374994564,0.42030265509638426,0.9224226668074325,0.19991880109919738
20260713,seed_20260713_js_lambda_60,dynamic_js,20260723,ood_shift_negative,0.7464556536957457,0.7472735893788526,0.1751608850832741,1.3329003520473681,0.42792483662316866,0.9207892745747392,0.20167453081294948
20260713,seed_20260713_js_lambda_60,dynamic_js,20260723,ood_shift_positive,0.7356427447212633,0.7368421052631579,0.1813594407524301,1.3169477308939936,0.4289340147561664,0.9178815817256402,0.21056466630189044
20260713,seed_20260713_js_lambda_60,dynamic_js,20260723,ood_broadening,0.5946453734615684,0.5912754860123282,0.29769215916162883,2.603496617730143,0.675056562994507,0.8879621423438241,0.28379292280662444
20260713,seed_20260713_js_lambda_60,dynamic_js,20260723,ood_noise,0.7154312219658076,0.7140825035561877,0.19533333703769562,1.473204006614187,0.47302160753220635,0.9094158405938834,0.235744754214338
20260713,seed_20260713_js_lambda_60,dynamic_js,20260723,ood_background,0.743849982747754,0.7449027975343765,0.17777049253200572,1.2980625323779285,0.42189335538516387,0.9226732900663822,0.19990176959278175
20260713,seed_20260713_js_lambda_60,dynamic_js,20260723,ood_texture,0.7102777353871378,0.712185870080607,0.19214874310988628,1.4080044380431267,0.46322052489389137,0.9043346131904931,0.2441345091938952
20260713,seed_20260713_js_lambda_60,dynamic_js,20260723,ood_combo_shift_broadening,0.5773818035310466,0.5742057847321005,0.307935878415422,2.691741398160982,0.7001262984320579,0.8821416631475225,0.3002784594555727
20260713,seed_20260713_js_lambda_60,dynamic_js,20260723,ood_combo_background_noise,0.6618961124578598,0.6595542911332385,0.22985428891062115,1.7583561447474132,0.5508984935099361,0.8894085800438597,0.2808243855353363
20260713,seed_20260713_js_lambda_60,dynamic_js,20260723,ood_combo_texture_shift,0.7053428649600875,0.7069701280227596,0.20067838449057618,1.4780217353085519,0.47588283722060726,0.9076485125133357,0.24051665034462102
20260713,seed_20260713_js_lambda_60,dynamic_js,20260723,ood_all,0.35921078491306563,0.3745851114272167,0.4661717638691323,4.950406337973511,1.037939714613044,0.8406387987494073,0.40416020001390135
20260714,seed_20260714_dynamic_erm,dynamic_erm,20260721,level0,0.6940534212766636,0.6903745851114272,0.23979216675557138,2.1800039198115386,0.5274561482629075,0.929508301475818,0.18121286156077374
20260714,seed_20260714_dynamic_erm,dynamic_erm,20260721,in_range,0.6934492281758365,0.6889521100047415,0.23809788406827886,2.1913019692327125,0.5341221943315994,0.9270499940730204,0.18419744688898787
20260714,seed_20260714_dynamic_erm,dynamic_erm,20260721,ood_shift_negative,0.6966103008071353,0.6927453769559033,0.23286570390291608,2.1381154937263016,0.5339048760149565,0.9256110808588194,0.18796977427046954
20260714,seed_20260714_dynamic_erm,dynamic_erm,20260721,ood_shift_positive,0.6830887384395151,0.6794689426268373,0.24285636891002843,2.227677122257125,0.5470221062145458,0.9223253115368658,0.19423383495760935
20260714,seed_20260714_dynamic_erm,dynamic_erm,20260721,ood_broadening,0.5367543553549551,0.5234708392603129,0.38051486931009965,3.855783014424413,0.8230295154792789,0.9039857085704125,0.24122792218539685
20260714,seed_20260714_dynamic_erm,dynamic_erm,20260721,ood_noise,0.6736849024371309,0.6676149834044571,0.25099797834429827,2.2609939340694476,0.5687396597037514,0.9186129617487553,0.20685075667740982
20260714,seed_20260714_dynamic_erm,dynamic_erm,20260721,ood_background,0.6829983706384102,0.6770981507823614,0.24733563744665724,2.2860367955535392,0.5589307857090454,0.9233986505008298,0.19652834048114426
20260714,seed_20260714_dynamic_erm,dynamic_erm,20260721,ood_texture,0.6288523386593308,0.626837363679469,0.2889401402841987,2.5621951313186258,0.6401054409026301,0.9123127676401731,0.22363340677065988
20260714,seed_20260714_dynamic_erm,dynamic_erm,20260721,ood_combo_shift_broadening,0.5341869587703704,0.5225225225225225,0.387218375859412,3.95202929954361,0.8305272120773876,0.9097408983819346,0.23545729731525916
20260714,seed_20260714_dynamic_erm,dynamic_erm,20260721,ood_combo_background_noise,0.6187706470091193,0.6088193456614509,0.2953268080992177,2.6434884287545333,0.6611131417607904,0.9041461537606685,0.24139349117576858
20260714,seed_20260714_dynamic_erm,dynamic_erm,20260721,ood_combo_texture_shift,0.6099931080313334,0.6092935040303461,0.29932242583866764,2.5633357562452113,0.6637940456754402,0.9076280227596017,0.23653473652136484
20260714,seed_20260714_dynamic_erm,dynamic_erm,20260721,ood_all,0.3353796561841678,0.33428165007112376,0.5245339912280702,5.2412170697177975,1.1311979868476434,0.8577323468616643,0.3620536291695132
20260714,seed_20260714_dynamic_erm,dynamic_erm,20260722,level0,0.6940534212766636,0.6903745851114272,0.23979216675557138,2.1800039198115386,0.5274561482629075,0.929508301475818,0.18121286156077374
20260714,seed_20260714_dynamic_erm,dynamic_erm,20260722,in_range,0.688212757667184,0.6842105263157895,0.24006293248429345,2.1955547080572555,0.5345504649464489,0.9242734588000829,0.18902108975077292
20260714,seed_20260714_dynamic_erm,dynamic_erm,20260722,ood_shift_negative,0.6934315554245254,0.6894262683736367,0.23726035091423664,2.1380226092637584,0.533651130518589,0.9266866192878734,0.18779051069668967
20260714,seed_20260714_dynamic_erm,dynamic_erm,20260722,ood_shift_positive,0.685624538568711,0.6818397344713134,0.24314345698494544,2.266813990070778,0.5476071786656033,0.9243902619724989,0.18817970147266153
20260714,seed_20260714_dynamic_erm,dynamic_erm,20260722,ood_broadening,0.5511865891124256,0.5376955903271693,0.3644913030835112,3.85783221928379,0.8016502002002173,0.9021868934106804,0.24368350750694923
20260714,seed_20260714_dynamic_erm,dynamic_erm,20260722,ood_noise,0.6751284720567668,0.6695116168800379,0.2497155744354552,2.325574694939232,0.5671774915020984,0.9192271913154931,0.20391123105598807
20260714,seed_20260714_dynamic_erm,dynamic_erm,20260722,ood_background,0.682153588746793,0.676623992413466,0.24704438196420103,2.275353772519187,0.5542199628667293,0.9229666292526079,0.19780897928018162
20260714,seed_20260714_dynamic_erm,dynamic_erm,20260722,ood_texture,0.6206037623218748,0.6192508297771455,0.2950320797771456,2.5096427878724477,0.6401734083383703,0.9141386709489094,0.2227380056149399
20260714,seed_20260714_dynamic_erm,dynamic_erm,20260722,ood_combo_shift_broadening,0.5387495549580807,0.5263157894736842,0.37362174571775725,3.966977022680867,0.8158373937443298,0.8999375351914415,0.24985245855145521
20260714,seed_20260714_dynamic_erm,dynamic_erm,20260722,ood_combo_background_noise,0.6263296165211552,0.6178283546704599,0.2905341736679113,2.664831747777797,0.6570375087153397,0.9083625283383713,0.2310743025552455
20260714,seed_20260714_dynamic_erm,dynamic_erm,20260722,ood_combo_texture_shift,0.6177216395138966,0.615931721194879,0.2900810838593528,2.5505776375481366,0.6482998036858992,0.9050417990976174,0.24201345277657305
20260714,seed_20260714_dynamic_erm,dynamic_erm,20260722,ood_all,0.3535521160516784,0.35182550972024657,0.510119854640825,5.01557430947391,1.1081208764721342,0.8619453643610716,0.3554769095692893
20260714,seed_20260714_dynamic_erm,dynamic_erm,20260723,level0,0.6940534212766636,0.6903745851114272,0.23979216675557138,2.1800039198115386,0.5274561482629075,0.929508301475818,0.18121286156077374
20260714,seed_20260714_dynamic_erm,dynamic_erm,20260723,in_range,0.6910594555193784,0.6865813181602656,0.2411163605011261,2.219700026319742,0.5427095522076069,0.9266891660369251,0.18437840231889022
20260714,seed_20260714_dynamic_erm,dynamic_erm,20260723,ood_shift_negative,0.6940393837952039,0.6903745851114272,0.2356452489701873,2.161641050869217,0.537622026427304,0.9256419891314012,0.1868189256991363
20260714,seed_20260714_dynamic_erm,dynamic_erm,20260723,ood_shift_positive,0.6873727303171194,0.6832622095779991,0.2435906429661569,2.239453719872118,0.5507397869122721,0.9268215969876126,0.1865879683154682
20260714,seed_20260714_dynamic_erm,dynamic_erm,20260723,ood_broadening,0.5523139656128971,0.5386439070649597,0.36540929035532244,3.8767692267362914,0.8002442137626263,0.9029080864375889,0.2463539825005246
20260714,seed_20260714_dynamic_erm,dynamic_erm,20260723,ood_noise,0.67419098416012,0.6685633001422475,0.25327882364272164,2.305035486403121,0.5714853674915062,0.9218421237849692,0.1997185294874123
20260714,seed_20260714_dynamic_erm,dynamic_erm,20260723,ood_background,0.6800983514710656,0.6742532005689901,0.24823579747510663,2.291771502872613,0.553829319833861,0.9221109215712423,0.2003702533638737
20260714,seed_20260714_dynamic_erm,dynamic_erm,20260723,ood_texture,0.6318697380226448,0.6287339971550497,0.27781802413021567,2.4994513434969634,0.6298799500415606,0.9064100979062945,0.23204660980811803
20260714,seed_20260714_dynamic_erm,dynamic_erm,20260723,ood_combo_shift_broadening,0.5254955556245279,0.5139876718824087,0.3879215101203177,4.031859758783019,0.841202549583262,0.9019091820027264,0.24992824102682848
20260714,seed_20260714_dynamic_erm,dynamic_erm,20260723,ood_combo_background_noise,0.6071100530369371,0.5979137031768611,0.3052565826517307,2.783136616725946,0.6774357149976241,0.9031702858285917,0.2444620062095937
20260714,seed_20260714_dynamic_erm,dynamic_erm,20260723,ood_combo_texture_shift,0.627860024290019,0.6258890469416786,0.2785734825080014,2.530585566173257,0.6338873615139251,0.90446252944968,0.24201274280421614
20260714,seed_20260714_dynamic_erm,dynamic_erm,20260723,ood_all,0.33903664574698694,0.3380749170222854,0.5200586585763396,5.324559900258946,1.1264216773523654,0.8581335755986249,0.3632555325006136
20260714,seed_20260714_js_lambda_60,dynamic_js,20260721,level0,0.727892090434164,0.7306780464675201,0.12312813944701276,0.9618892748368704,0.39477513354363736,0.853806185914533,0.3813232148946967
20260714,seed_20260714_js_lambda_60,dynamic_js,20260721,in_range,0.7265259490440001,0.7297297297297297,0.12331706192211947,0.9687874084928196,0.3995961135633577,0.8530467916518493,0.3832032503736865
20260714,seed_20260714_js_lambda_60,dynamic_js,20260721,ood_shift_negative,0.7098036871275576,0.712185870080607,0.1358609007342046,1.013331564140578,0.42200849476963664,0.8480467708148115,0.3954940609546184
20260714,seed_20260714_js_lambda_60,dynamic_js,20260721,ood_shift_positive,0.7203716208990116,0.7240398293029872,0.12645361490190848,0.9716413073867022,0.4031893502993638,0.849719464015825,0.38727490308689133
20260714,seed_20260714_js_lambda_60,dynamic_js,20260721,ood_broadening,0.6497571494805652,0.6481744902797535,0.18277253919215272,1.3742203352479123,0.5257824909284784,0.8309470294719061,0.43791468034108527
20260714,seed_20260714_js_lambda_60,dynamic_js,20260721,ood_noise,0.6931695253000119,0.6936936936936937,0.1384491502192982,1.1110161700555312,0.45183840988792245,0.832142843912992,0.43709720779792166
20260714,seed_20260714_js_lambda_60,dynamic_js,20260721,ood_background,0.7274695175407008,0.7311522048364154,0.12432835281827882,0.9804757675017928,0.4007200188780981,0.8530919385668563,0.3827274568623493
20260714,seed_20260714_js_lambda_60,dynamic_js,20260721,ood_texture,0.6803159843054237,0.6865813181602656,0.15284522804054054,1.125345239866073,0.4621009887473529,0.839426546200806,0.42267965427634796
20260714,seed_20260714_js_lambda_60,dynamic_js,20260721,ood_combo_shift_broadening,0.655062073871867,0.6543385490753911,0.17272792940967285,1.3575534372382496,0.5236699978191508,0.8267108597083926,0.4455083426859997
20260714,seed_20260714_js_lambda_60,dynamic_js,20260721,ood_combo_background_noise,0.653211580175136,0.6519677572309152,0.1588364551846254,1.278239655866941,0.5159299951442934,0.8108042124155406,0.4939960258152784
20260714,seed_20260714_js_lambda_60,dynamic_js,20260721,ood_combo_texture_shift,0.674733634095812,0.6804172593646278,0.1578948526034258,1.140968551904833,0.47365921446521003,0.8356586309788406,0.4318619410333989
20260714,seed_20260714_js_lambda_60,dynamic_js,20260721,ood_all,0.36248901207484047,0.3750592697961119,0.3693414708911214,3.04302809814561,0.9302137123363186,0.7444007406872333,0.6563198499155724
20260714,seed_20260714_js_lambda_60,dynamic_js,20260722,level0,0.727892090434164,0.7306780464675201,0.12312813944701276,0.9618892748368704,0.39477513354363736,0.853806185914533,0.3813232148946967
20260714,seed_20260714_js_lambda_60,dynamic_js,20260722,in_range,0.7272112576903542,0.7302038880986249,0.1215674453236131,0.9619785037483799,0.39730045286148596,0.8516527938300142,0.38519303970069807
20260714,seed_20260714_js_lambda_60,dynamic_js,20260722,ood_shift_negative,0.713086469288971,0.7155049786628734,0.13177481552275955,1.0064570331929255,0.41948344892460737,0.847279794185633,0.39817539814685027
20260714,seed_20260714_js_lambda_60,dynamic_js,20260722,ood_shift_positive,0.7195786020556986,0.7240398293029872,0.12795469194523468,0.9745685773812959,0.40354499481727,0.8515430520981507,0.3838584308421909
20260714,seed_20260714_js_lambda_60,dynamic_js,20260722,ood_broadening,0.6436067955611255,0.6439070649596965,0.18558125611219775,1.3759589969807944,0.5280314415461803,0.8294883210718943,0.44009976886156577
20260714,seed_20260714_js_lambda_60,dynamic_js,20260722,ood_noise,0.6942414317557882,0.6955903271692745,0.13514138624644384,1.1066508565115964,0.446629259885629,0.8307317134157184,0.4400483207333328
20260714,seed_20260714_js_lambda_60,dynamic_js,20260722,ood_background,0.7298331786818885,0.7335229966808914,0.12128568226944045,0.9785360181465701,0.3999745201159242,0.8542921519381224,0.3820245511024169
20260714,seed_20260714_js_lambda_60,dynamic_js,20260722,ood_texture,0.6803665333296763,0.6865813181602656,0.1526192619428639,1.10199333535053,0.4568947642008323,0.8392005801031295,0.41922947094135793
20260714,seed_20260714_js_lambda_60,dynamic_js,20260722,ood_combo_shift_broadening,0.6436817090867244,0.6443812233285917,0.1884593719439012,1.4038189330803417,0.5394428634656024,0.8313014327547119,0.4414366293937148
20260714,seed_20260714_js_lambda_60,dynamic_js,20260722,ood_combo_background_noise,0.6423515353659167,0.64058795637743,0.17149541862997864,1.3426701422809444,0.5291164314376455,0.8115256369650901,0.49048380330361513
20260714,seed_20260714_js_lambda_60,dynamic_js,20260722,ood_combo_texture_shift,0.6766634632138157,0.680891417733523,0.1523665549801446,1.1331693250743842,0.4702659111146345,0.8332579727136676,0.432897548914997
20260714,seed_20260714_js_lambda_60,dynamic_js,20260722,ood_all,0.3917307571038457,0.40256045519203415,0.3514187823205607,3.0930451266273455,0.9126704804994454,0.7535266107493184,0.6381389610951409
20260714,seed_20260714_js_lambda_60,dynamic_js,20260723,level0,0.727892090434164,0.7306780464675201,0.12312813944701276,0.9618892748368704,0.39477513354363736,0.853806185914533,0.3813232148946967
20260714,seed_20260714_js_lambda_60,dynamic_js,20260723,in_range,0.7237804825285793,0.7268847795163584,0.12833658854166666,0.9739918192333564,0.4019062665837167,0.8545432382423542,0.381310553251256
20260714,seed_20260714_js_lambda_60,dynamic_js,20260723,ood_shift_negative,0.7097567432848743,0.7126600284495022,0.135056185914533,1.0187121903926164,0.4233611501796514,0.8477162143640351,0.3953714940980197
20260714,seed_20260714_js_lambda_60,dynamic_js,20260723,ood_shift_positive,0.7195778146354707,0.7240398293029872,0.12744649974810338,0.9685742899496856,0.4028390640021351,0.8514863290510906,0.38572517465250855
20260714,seed_20260714_js_lambda_60,dynamic_js,20260723,ood_broadening,0.647409248602867,0.6462778568041726,0.18426215586474629,1.3848768807555798,0.5307255803161602,0.8295386772463252,0.44408481481071815
20260714,seed_20260714_js_lambda_60,dynamic_js,20260723,ood_noise,0.6926723469046634,0.692271218587008,0.14049117991346605,1.1107123504347407,0.4496238138739559,0.8327623985004742,0.4389261433043773
20260714,seed_20260714_js_lambda_60,dynamic_js,20260723,ood_background,0.7241545205530991,0.7278330962541489,0.12620935851558795,0.9826086293801636,0.4020553261058039,0.8529577711963608,0.3839319592526563
20260714,seed_20260714_js_lambda_60,dynamic_js,20260723,ood_texture,0.6862196047748689,0.6903745851114272,0.1445194423453058,1.098845975915872,0.4572385302014014,0.834894027456733,0.42651118205396504
20260714,seed_20260714_js_lambda_60,dynamic_js,20260723,ood_combo_shift_broadening,0.647497444665702,0.647226173541963,0.17959616431810096,1.3681172613618389,0.526225958225869,0.826822337860064,0.4506027480089853
20260714,seed_20260714_js_lambda_60,dynamic_js,20260723,ood_combo_background_noise,0.6401261785757743,0.6377430061640588,0.16887689755956614,1.3487030233999762,0.5323064014390612,0.8066199037236249,0.5042615751793178
20260714,seed_20260714_js_lambda_60,dynamic_js,20260723,ood_combo_texture_shift,0.6749598099355512,0.6780464675201517,0.15462696840549434,1.1511366783685288,0.4780742542932771,0.832673435925646,0.43398388693314
20260714,seed_20260714_js_lambda_60,dynamic_js,20260723,ood_all,0.3641427412856334,0.3745851114272167,0.3717124942582385,3.084034788053024,0.9336662078128559,0.7460656199991109,0.6529100349721892
20260715,seed_20260715_dynamic_erm,dynamic_erm,20260721,level0,0.6864484135876925,0.6927453769559033,0.23239964882645806,1.9022006212540599,0.515274071766433,0.9251450257823614,0.19176841100059527
20260715,seed_20260715_dynamic_erm,dynamic_erm,20260721,in_range,0.6917229320906205,0.6974869606448554,0.2271888845053936,1.932685919403775,0.5185197230556903,0.9243276350980915,0.1923562365448623
20260715,seed_20260715_dynamic_erm,dynamic_erm,20260721,ood_shift_negative,0.6855077969570376,0.6917970602181128,0.23017737875622338,2.0361736428252697,0.5243941795480962,0.9219744389743362,0.19746794679159618
20260715,seed_20260715_dynamic_erm,dynamic_erm,20260721,ood_shift_positive,0.6733527136079777,0.6804172593646278,0.24100407202021096,2.054528610721216,0.5348763677031754,0.9214213313848388,0.20116122559936186
20260715,seed_20260715_dynamic_erm,dynamic_erm,20260721,ood_broadening,0.6070780494131391,0.6040777619724989,0.30291600451191325,2.7355729544477514,0.6691082324677722,0.906993766484412,0.2347646054113441
20260715,seed_20260715_dynamic_erm,dynamic_erm,20260721,ood_noise,0.6638896305981391,0.6699857752489331,0.2488530368361783,2.0193422428986474,0.5562064728627574,0.9173035854522286,0.21451531234502683
20260715,seed_20260715_dynamic_erm,dynamic_erm,20260721,ood_background,0.6764676592427646,0.6818397344713134,0.23332215078977006,1.961292797399638,0.5261112536962763,0.9151618852610834,0.2131421890468601
20260715,seed_20260715_dynamic_erm,dynamic_erm,20260721,ood_texture,0.5911567695912663,0.6026552868658132,0.2938577969416785,2.61558487875439,0.6691773070121485,0.8965130838074917,0.2642571148178101
20260715,seed_20260715_dynamic_erm,dynamic_erm,20260721,ood_combo_shift_broadening,0.6040480314692773,0.6012328117591276,0.30875465823553816,2.8501655086749897,0.6782967656000647,0.9090815219001896,0.23566287525999147
20260715,seed_20260715_dynamic_erm,dynamic_erm,20260721,ood_combo_background_noise,0.6415962317225608,0.6453295400663822,0.2617890171215624,2.1663092957879138,0.5920212103717913,0.9071185571879445,0.23565466065963106
20260715,seed_20260715_dynamic_erm,dynamic_erm,20260721,ood_combo_texture_shift,0.5794663702911197,0.5917496443812233,0.30919628767336416,2.8227992086272886,0.6967346974242585,0.9002488173823494,0.2611013374844663
20260715,seed_20260715_dynamic_erm,dynamic_erm,20260721,ood_all,0.35546386904880684,0.35514461830251304,0.48699213193456614,4.618119890600505,1.0870011502312955,0.8421367502370792,0.40724062425392266
20260715,seed_20260715_dynamic_erm,dynamic_erm,20260722,level0,0.6864484135876925,0.6927453769559033,0.23239964882645806,1.9022006212540599,0.515274071766433,0.9251450257823614,0.19176841100059527
20260715,seed_20260715_dynamic_erm,dynamic_erm,20260722,in_range,0.6878026534721252,0.6941678520625889,0.2296940752430062,1.9286309133398714,0.5120460261020946,0.923861927305595,0.19477241357120784
20260715,seed_20260715_dynamic_erm,dynamic_erm,20260722,ood_shift_negative,0.6895381470520051,0.6955903271692745,0.2268191428476174,2.0454713880416864,0.5206853635948763,0.9213025602699739,0.19854721912374118
20260715,seed_20260715_dynamic_erm,dynamic_erm,20260722,ood_shift_positive,0.6784776862170675,0.6846846846846847,0.23534936303490986,2.0294788414018727,0.5317006588543871,0.9200340477195946,0.20613157274034438
20260715,seed_20260715_dynamic_erm,dynamic_erm,20260722,ood_broadening,0.6055247680085227,0.6036036036036037,0.30384128474691796,2.759924055320344,0.6698863225203563,0.9074448883505216,0.23225704196087202
20260715,seed_20260715_dynamic_erm,dynamic_erm,20260722,ood_noise,0.6680247861299943,0.6742532005689901,0.24443315385698203,2.0328236885325977,0.5476016392865893,0.918686354425972,0.21197627029310848
20260715,seed_20260715_dynamic_erm,dynamic_erm,20260722,ood_background,0.6772863394632426,0.6823138928402086,0.23812068904842346,1.9657260001447787,0.5313224189800287,0.9200532640988027,0.20375877766308373
20260715,seed_20260715_dynamic_erm,dynamic_erm,20260722,ood_texture,0.5812000715661604,0.5931721194879089,0.3042771261187174,2.584963864780031,0.680187682128109,0.8974492456066263,0.2604933451325546
20260715,seed_20260715_dynamic_erm,dynamic_erm,20260722,ood_combo_shift_broadening,0.6100624860992213,0.6083451872925557,0.3012087565567212,2.9260028629896486,0.6814615397952887,0.9088665531279635,0.23458461704451444
20260715,seed_20260715_dynamic_erm,dynamic_erm,20260722,ood_combo_background_noise,0.6478163812108072,0.65149359886202,0.2588939422564011,2.133847965533239,0.5854168107287109,0.9094681647107634,0.2360256956794638
20260715,seed_20260715_dynamic_erm,dynamic_erm,20260722,ood_combo_texture_shift,0.5771539682918883,0.5884305357989569,0.3030639474795519,2.7326944148767507,0.6917216442132692,0.8914944832785088,0.2738063035503097
20260715,seed_20260715_dynamic_erm,dynamic_erm,20260722,ood_all,0.3670960368924573,0.36747273589378854,0.4784788129000711,4.456427339921533,1.0644523144013243,0.8459515487938597,0.39514437440647726
20260715,seed_20260715_dynamic_erm,dynamic_erm,20260723,level0,0.6864484135876925,0.6927453769559033,0.23239964882645806,1.9022006212540599,0.515274071766433,0.9251450257823614,0.19176841100059527
20260715,seed_20260715_dynamic_erm,dynamic_erm,20260723,in_range,0.6868154437099312,0.692271218587008,0.23162381645625885,1.9403316741744028,0.5253189809808131,0.923895035043267,0.19512268690668533
20260715,seed_20260715_dynamic_erm,dynamic_erm,20260723,ood_shift_negative,0.6856701240969921,0.6917970602181128,0.23344659420934094,2.0288258066373563,0.5268794879968027,0.9248982226469891,0.19379044403601114
20260715,seed_20260715_dynamic_erm,dynamic_erm,20260723,ood_shift_positive,0.6821597761250554,0.6889521100047415,0.22954902630838073,2.0422495831392498,0.5259845840574026,0.9172201215401257,0.20995269506555703
20260715,seed_20260715_dynamic_erm,dynamic_erm,20260723,ood_broadening,0.6089325331782222,0.6069227121858701,0.30638595009483166,2.7214330362332673,0.670393846411847,0.9127594905761024,0.2246319072553424
20260715,seed_20260715_dynamic_erm,dynamic_erm,20260723,ood_noise,0.6664431384562898,0.6728307254623044,0.24413877281887147,2.0078070154378516,0.549273788660627,0.9156648681987909,0.2180428913501243
20260715,seed_20260715_dynamic_erm,dynamic_erm,20260723,ood_background,0.6794615019155664,0.6846846846846847,0.23349741342905406,1.9826042758334552,0.5341576869772182,0.9181820981137387,0.20778944434108085
20260715,seed_20260715_dynamic_erm,dynamic_erm,20260723,ood_texture,0.5793794890262399,0.5912754860123282,0.30338263839497387,2.608282157857256,0.6852094131170964,0.8942395314722618,0.26637891956402554
20260715,seed_20260715_dynamic_erm,dynamic_erm,20260723,ood_combo_shift_broadening,0.589114604965375,0.5870080606922712,0.31439559162369607,2.931634415476604,0.7021935384353379,0.9014036523159673,0.24898711000968804
20260715,seed_20260715_dynamic_erm,dynamic_erm,20260723,ood_combo_background_noise,0.6447279362650724,0.6486486486486487,0.2623731487449621,2.205506211960148,0.5945845939579296,0.9110217973936107,0.23162579470991834
20260715,seed_20260715_dynamic_erm,dynamic_erm,20260723,ood_combo_texture_shift,0.577441514360065,0.5893788525367473,0.30635203202791605,2.654704533281478,0.6842842307025317,0.8957308845646633,0.27082728426373043
20260715,seed_20260715_dynamic_erm,dynamic_erm,20260723,ood_all,0.3666177064245523,0.3660502607871029,0.4742913786525011,4.451162593635841,1.062860577474001,0.840341639439604,0.4079144602922839
20260715,seed_20260715_js_lambda_60,dynamic_js,20260721,level0,0.744110633156908,0.7430061640587956,0.1699315989509246,1.2785080536216615,0.41826162545446305,0.9112981196657184,0.22702553756596502
20260715,seed_20260715_js_lambda_60,dynamic_js,20260721,in_range,0.7414098400981011,0.7401612138454243,0.17039510727833093,1.3090697578948247,0.4243293155065163,0.9105563211237553,0.22924813870498753
20260715,seed_20260715_js_lambda_60,dynamic_js,20260721,ood_shift_negative,0.7320057201294912,0.7306780464675201,0.17740352914592228,1.3116688763606195,0.43791958134920916,0.9080815756134424,0.23614876364858078
20260715,seed_20260715_js_lambda_60,dynamic_js,20260721,ood_shift_positive,0.7345619312767138,0.732574679943101,0.17620644133031055,1.3010398085917625,0.4324304335879376,0.9087533385564841,0.23569941309763334
20260715,seed_20260715_js_lambda_60,dynamic_js,20260721,ood_broadening,0.6387805852745773,0.6330014224751067,0.25036372206910856,1.9775352237942323,0.5862017554593336,0.8833651445442152,0.29329211994061627
20260715,seed_20260715_js_lambda_60,dynamic_js,20260721,ood_noise,0.7167056048838464,0.7136083451872925,0.18168658224425083,1.3927596927148218,0.4646594237728487,0.8952949274315434,0.2676293832269898
20260715,seed_20260715_js_lambda_60,dynamic_js,20260721,ood_background,0.7435288641571283,0.74158368895211,0.16982313059358695,1.2836323814954271,0.4220580155763309,0.911406819545697,0.22930797449026163
20260715,seed_20260715_js_lambda_60,dynamic_js,20260721,ood_texture,0.7040614579619712,0.7036510194404931,0.193340621666074,1.4413074645451305,0.48054771483136566,0.896991641106567,0.26636265720591673
20260715,seed_20260715_js_lambda_60,dynamic_js,20260721,ood_combo_shift_broadening,0.6407453924003969,0.6353722143195828,0.2470043285472973,1.9341886535816029,0.5817781858554595,0.88237654286688,0.30016484009747824
20260715,seed_20260715_js_lambda_60,dynamic_js,20260721,ood_combo_background_noise,0.6771318099619684,0.6728307254623044,0.2118309458718587,1.5785329352420743,0.523032305467605,0.8846616713341631,0.29900885565463975
20260715,seed_20260715_js_lambda_60,dynamic_js,20260721,ood_combo_texture_shift,0.700296476673644,0.6998577524893315,0.19184012342935042,1.449979955325909,0.48076928925970025,0.8916978759186819,0.28086744102213534
20260715,seed_20260715_js_lambda_60,dynamic_js,20260721,ood_all,0.37918754027258833,0.3930772878141299,0.43381219161184204,4.044627306053137,0.975115478342111,0.826889479425972,0.4422551564972407
20260715,seed_20260715_js_lambda_60,dynamic_js,20260722,level0,0.744110633156908,0.7430061640587956,0.1699315989509246,1.2785080536216615,0.41826162545446305,0.9112981196657184,0.22702553756596502
20260715,seed_20260715_js_lambda_60,dynamic_js,20260722,in_range,0.7413343940789627,0.7401612138454243,0.1701003789562589,1.2844533989486757,0.42235362073708316,0.9102615928016833,0.23013287312408995
20260715,seed_20260715_js_lambda_60,dynamic_js,20260722,ood_shift_negative,0.7312617904394011,0.7297297297297297,0.1775073670504386,1.3043698347451764,0.43561556583347766,0.9068928226129089,0.23847821059516155
20260715,seed_20260715_js_lambda_60,dynamic_js,20260722,ood_shift_positive,0.7357655232368476,0.7344713134186819,0.1777335646707563,1.3128165731387005,0.4340261883022765,0.9099301681410028,0.23127471246652548
20260715,seed_20260715_js_lambda_60,dynamic_js,20260722,ood_broadening,0.652309378321637,0.6477003319108582,0.23789553327999052,1.914631166970162,0.5732704252879393,0.8852381627104078,0.29034098954625376
20260715,seed_20260715_js_lambda_60,dynamic_js,20260722,ood_noise,0.7102144060639579,0.7074442863916548,0.19033649963697247,1.4239049775181742,0.4681397965664082,0.8977807860286273,0.26369384943553975
20260715,seed_20260715_js_lambda_60,dynamic_js,20260722,ood_background,0.740583114355632,0.7392128971076339,0.17322743950776437,1.2879606577617186,0.42408069590045844,0.9116061605396515,0.22918487835771362
20260715,seed_20260715_js_lambda_60,dynamic_js,20260722,ood_texture,0.7008128860506765,0.701280227596017,0.194384325731982,1.3972048765791187,0.47631276938822203,0.8956645533279991,0.26810295639754844
20260715,seed_20260715_js_lambda_60,dynamic_js,20260722,ood_combo_shift_broadening,0.6384027904242623,0.6348980559506875,0.24458491694819817,1.989922174823883,0.5875039773295688,0.8794829728988858,0.301367250735048
20260715,seed_20260715_js_lambda_60,dynamic_js,20260722,ood_combo_background_noise,0.6786906413212996,0.6742532005689901,0.20376816989687052,1.6146551435812972,0.5268618190140698,0.8780213704658606,0.31581542594466966
20260715,seed_20260715_js_lambda_60,dynamic_js,20260722,ood_combo_texture_shift,0.6932363780225528,0.6932195353247985,0.1956285284050498,1.4143289332327338,0.48932211461405084,0.8888480637298483,0.2869934690413488
20260715,seed_20260715_js_lambda_60,dynamic_js,20260722,ood_all,0.4050077931406822,0.41299193930772876,0.413529534880275,4.134125386242041,0.9613577249113321,0.8265214741880038,0.4397752759586098
20260715,seed_20260715_js_lambda_60,dynamic_js,20260723,level0,0.744110633156908,0.7430061640587956,0.1699315989509246,1.2785080536216615,0.41826162545446305,0.9112981196657184,0.22702553756596502
20260715,seed_20260715_js_lambda_60,dynamic_js,20260723,in_range,0.742083297985241,0.74158368895211,0.1712730411332385,1.2897815746693873,0.42258494597838303,0.9126701228366524,0.2275435154709844
20260715,seed_20260715_js_lambda_60,dynamic_js,20260723,ood_shift_negative,0.7289383517227332,0.7273589378852536,0.1797196816471076,1.3061161914422776,0.43695592989573073,0.9070786195323614,0.23858186258061148
20260715,seed_20260715_js_lambda_60,dynamic_js,20260723,ood_shift_positive,0.7344762461090705,0.7330488383119962,0.1754329241865221,1.3055303579687556,0.4337066409299338,0.9084817624985183,0.23530981420054148
20260715,seed_20260715_js_lambda_60,dynamic_js,20260723,ood_broadening,0.6406771142975465,0.6348980559506875,0.24726930620999288,1.9779170182899322,0.5796524666309342,0.8821673621606804,0.29494591768152695
20260715,seed_20260715_js_lambda_60,dynamic_js,20260723,ood_noise,0.7211782143096329,0.7188240872451399,0.1807360660413703,1.4385355209990744,0.4629844801620244,0.8986259594298246,0.2640468956013613
20260715,seed_20260715_js_lambda_60,dynamic_js,20260723,ood_background,0.7402650441370264,0.7387387387387387,0.17147921204510436,1.284148902149212,0.42423934623100606,0.910217950783843,0.23180522097616968
20260715,seed_20260715_js_lambda_60,dynamic_js,20260723,ood_texture,0.7060558321768386,0.7069701280227596,0.19205937537043624,1.4251834818190268,0.4742314397476852,0.8985514091394026,0.2643334023155706
20260715,seed_20260715_js_lambda_60,dynamic_js,20260723,ood_combo_shift_broadening,0.6303623114813207,0.6254148885727833,0.2562878076472854,1.9825907897842179,0.595348502860443,0.8817026962200688,0.29735385832509287
20260715,seed_20260715_js_lambda_60,dynamic_js,20260723,ood_combo_background_noise,0.6701475625614345,0.665244191559981,0.21276965442004503,1.624555560695129,0.5371338550962282,0.8780138459800261,0.3140781977330472
20260715,seed_20260715_js_lambda_60,dynamic_js,20260723,ood_combo_texture_shift,0.6959038941480105,0.6960644855381698,0.1976931315567212,1.4634046698767949,0.4894623001077652,0.893757617094891,0.27772216731500704
20260715,seed_20260715_js_lambda_60,dynamic_js,20260723,ood_all,0.3782254444099341,0.3892840208629682,0.43487302835318864,4.138639911635086,0.9836087202690077,0.8236101927379682,0.4486180777055473
