training_seed,evaluation_seed,profile,erm_macro_f1,js_macro_f1,delta_macro_f1,erm_accuracy,js_accuracy,delta_accuracy,erm_ece,js_ece,delta_ece,erm_nll,js_nll,delta_nll,erm_brier,js_brier,delta_brier,erm_mean_confidence,js_mean_confidence,delta_mean_confidence,erm_mean_entropy,js_mean_entropy,delta_mean_entropy
20260711,20260721,in_range,0.6949786175124558,0.7217816586122047,0.026803041099748848,0.6960644855381698,0.7221431958274064,0.026078710289236584,0.22346692652767902,0.149065736686522,-0.07440118984115701,1.8646293154462428,1.0317044723030961,-0.8329248431431466,0.5069381745018514,0.41829737686789054,-0.08864079763396088,0.9191836650589734,0.8712089325139284,-0.04797473254504503,0.20524087539880953,0.3334685420183336,0.12822766661952406
20260711,20260721,level0,0.6969800325643246,0.7236251275752741,0.02664509501094947,0.6984352773826458,0.7240398293029872,0.02560455192034139,0.2209413617976529,0.1500442671289711,-0.0708970946686818,1.8275045097361167,1.0244626384845836,-0.803041871251533,0.4960855203188472,0.4162581307006577,-0.07982738961818947,0.9193766391802988,0.8736773111516122,-0.04569932802868659,0.20228780966158735,0.3276900302709521,0.12540222060936476
20260711,20260721,ood_all,0.3451239483753939,0.395919151253799,0.05079520287840511,0.34708392603129445,0.41488857278330965,0.0678046467520152,0.49547847858137745,0.35758544574591045,-0.137893032835467,4.718264193680575,3.1116440127815346,-1.6066201808990406,1.096621212867319,0.8934078476010836,-0.20321336526623535,0.8425624046126718,0.77247401852922,-0.0700883860834518,0.4100754211749935,0.5921090728394929,0.18203365166449936
20260711,20260721,ood_background,0.6845248502836292,0.7147448119066092,0.03021996162298002,0.6865813181602656,0.7150308202939782,0.028449502133712667,0.2290496319716098,0.15475216427364868,-0.07429746769796111,1.919713463681153,1.0469998435316246,-0.8727136201495285,0.5232822092414715,0.4261629184069443,-0.0971192908345272,0.9148643786673186,0.8697829845676268,-0.04508139409969181,0.21781431429272868,0.3368245805251931,0.11901026623246441
20260711,20260721,ood_broadening,0.4460325031933818,0.6233793198092837,0.17734681661590196,0.4400189663347558,0.6230440967283073,0.1830251303935515,0.4585374205414296,0.21762809916207324,-0.24090932137935636,5.522526587074232,1.7114591024722865,-3.8110674846019457,0.9805014944174467,0.5785045738802927,-0.40199692053715397,0.898178310403331,0.8402030152582681,-0.05797529514506283,0.2607556158176187,0.4102787508372383,0.1495231350196196
20260711,20260721,ood_combo_background_noise,0.6363712152012821,0.649496279534623,0.013125064333340819,0.6344238975817923,0.6481744902797535,0.013750592697961195,0.25834268684803224,0.18358246327124822,-0.07476022357678402,2.2023123390450214,1.3437904931048612,-0.8585218459401602,0.6137277729996048,0.5303145631710121,-0.08341320982859268,0.8927300038525368,0.8317569535510017,-0.0609730503015351,0.2732617993411703,0.4359184188079873,0.16265661946681703
20260711,20260721,ood_combo_shift_broadening,0.4375171173408034,0.6214854809016792,0.18396836356087581,0.43243243243243246,0.6220957799905168,0.18966334755808434,0.4649354329658606,0.215359929728248,-0.2495755032376126,5.552094626772016,1.6857605776292477,-3.8663340491427682,1.0007419266102497,0.5765176837021614,-0.42422424290808836,0.897367865398293,0.8374557097187648,-0.059912155679528234,0.2618310478258131,0.4200911178044458,0.15826006997863268
20260711,20260721,ood_combo_texture_shift,0.6326837413401779,0.6914585641403642,0.05877482280018631,0.6367946894262684,0.692271218587008,0.05547652916073964,0.26289465349395447,0.15619536065670933,-0.10669929283724514,2.1747650896698576,1.1385038111792956,-1.036261278490562,0.6092092203541107,0.4637879821112629,-0.14542123824284786,0.8996893429202228,0.8465109074946657,-0.05317843542555711,0.25807573900416136,0.3919125785433282,0.13383683953916686
20260711,20260721,ood_noise,0.6735818078090371,0.6918569136878675,0.01827510587883041,0.6737790422000949,0.689900426742532,0.016121384542437167,0.23815391254741589,0.165050175586771,-0.0731037369606449,2.0042487435631284,1.1708561167860856,-0.8333926267770428,0.5424560025555722,0.4705618576340514,-0.07189414492152085,0.9119329547475107,0.854950602329303,-0.056982352418207705,0.22443428068886667,0.3768410401129912,0.15240675942412452
20260711,20260721,ood_shift_negative,0.6939097380020992,0.7172768524443649,0.02336711444226569,0.6941678520625889,0.7178757705073494,0.0237079184447605,0.22603786969535328,0.14959499744399002,-0.07644287225136326,1.850485188769862,1.0371710751296264,-0.8133141136402355,0.5146148300790132,0.42681732274675044,-0.08779750733226277,0.9202057217579421,0.8674207590608701,-0.052784962697072,0.20430982668987924,0.34435239043915433,0.1400425637492751
20260711,20260721,ood_shift_positive,0.6909033096202626,0.7254543111513277,0.03455100153106516,0.6941678520625889,0.7249881460407777,0.03082029397818875,0.22198332944375299,0.1474749446197843,-0.07450838482396868,1.93566609856143,1.0499923674408593,-0.8856737311205707,0.5144023064961456,0.418029526854249,-0.09637277964189661,0.9157254113694286,0.8703592444212305,-0.04536616694819817,0.21335217094739398,0.33557443078732685,0.12222225983993287
20260711,20260721,ood_texture,0.6291368661420993,0.6936151884081181,0.0644783222660188,0.6339497392128971,0.6936936936936937,0.05974395448079661,0.27017835578176863,0.16252021192656474,-0.10765814385520389,2.16476001473685,1.145031998737003,-1.0197280159998472,0.6080385993250815,0.46522100881944184,-0.1428175905056397,0.9041280949946657,0.8562139056202585,-0.04791418937440728,0.2477321944516576,0.376622797689112,0.1288906032374544
20260711,20260722,in_range,0.7012643747227203,0.7145287714352226,0.013264396712502347,0.7022285443338074,0.7150308202939782,0.012802275960170806,0.22121328513958038,0.15725064085467044,-0.06396264428490994,1.8405375705263203,1.032717700610156,-0.8078198699161643,0.5002878893067902,0.42013157952081903,-0.08015630978597121,0.9234418294733878,0.8722814611486487,-0.051160368324739136,0.19776660935644522,0.32902906484313155,0.13126245548668633
20260711,20260722,level0,0.6969800325643246,0.7236251275752741,0.02664509501094947,0.6984352773826458,0.7240398293029872,0.02560455192034139,0.2209413617976529,0.1500442671289711,-0.0708970946686818,1.8275045097361167,1.0244626384845836,-0.803041871251533,0.4960855203188472,0.4162581307006577,-0.07982738961818947,0.9193766391802988,0.8736773111516122,-0.04569932802868659,0.20228780966158735,0.3276900302709521,0.12540222060936476
20260711,20260722,ood_all,0.34658932740447584,0.40254742609651223,0.055958098692036384,0.3508771929824561,0.42342342342342343,0.07254623044096731,0.4883504752696776,0.3456329157590979,-0.14271755951057974,4.519767233728446,3.062527582090213,-1.457239651638233,1.0843295791828325,0.8855491085414011,-0.19878047064143134,0.8392276682521337,0.7690563391825214,-0.07017132906961232,0.4126311624147855,0.5954542147466729,0.18282305233188745
20260711,20260722,ood_background,0.6918622279994695,0.7159224878998212,0.024060259900351655,0.6936936936936937,0.7159791370317686,0.022285443338074917,0.2201056808247392,0.1545165899863679,-0.06558909083837128,1.9076811422264188,1.0505003432104223,-0.8571807990159965,0.5099836875374749,0.4215430794739693,-0.08844060806350562,0.913799374518433,0.8704957270181366,-0.04330364750029636,0.21885724586299116,0.33533235990703225,0.1164751140440411
20260711,20260722,ood_broadening,0.44682396317802553,0.6185780995042414,0.17175413632621583,0.4419155998103367,0.6211474632527264,0.17923186344238973,0.4517343592564603,0.21839779618228422,-0.2333365630741761,5.543099545466425,1.7147233187510038,-3.828376226715421,0.9757128108670611,0.5718521107621244,-0.4038607001049367,0.8935473945368065,0.8395452594350107,-0.054002135101795856,0.2674294515541951,0.4098862916087273,0.14245684005453219
20260711,20260722,ood_combo_background_noise,0.6354152770073241,0.641888935795139,0.006473658787814807,0.6344238975817923,0.6420104314841157,0.007586533902323445,0.2630898270803699,0.18893399335807842,-0.07415583372229145,2.230876062929619,1.4184260223965228,-0.8124500405330963,0.6054648610703317,0.5392424377906705,-0.06622242327966121,0.8968101273559744,0.8309444248421942,-0.06586570251378021,0.2655062660810386,0.4431651941938962,0.1776589281128576
20260711,20260722,ood_combo_shift_broadening,0.4430217186502689,0.6328821817510085,0.18986046310073962,0.4366998577524893,0.6325272641062115,0.1958274063537222,0.4542974306543386,0.20631549775515645,-0.24798193289918213,5.677557864347106,1.7400247263867537,-3.9375331379603526,0.9808379167679304,0.5680299773982972,-0.4128079393696332,0.8902872084666904,0.8368266627029991,-0.0534605457636913,0.27410236189809417,0.4179408337259044,0.14383847182781023
20260711,20260722,ood_combo_texture_shift,0.6223568051434173,0.6830736144573358,0.06071680931391854,0.6258890469416786,0.6832622095779991,0.05737316263632053,0.27151632512446655,0.16630595439189194,-0.10521037073257461,2.1507931713052075,1.1334861593093435,-1.017307011995864,0.6236678488858987,0.4718398678179979,-0.15182798106790074,0.8974053720661451,0.849568163969891,-0.047837208096254136,0.26175188255625836,0.3900302094286883,0.12827832687242996
20260711,20260722,ood_noise,0.6833752762833674,0.6876321909739541,0.004256914690586755,0.6832622095779991,0.6865813181602656,0.0033191085822664723,0.2289812170311759,0.1680015104537103,-0.0609797065774656,1.932671238733232,1.1577595887064727,-0.7749116500267594,0.5320351584046865,0.4676754173733682,-0.06435974103131831,0.9118639610004742,0.8538773791266595,-0.05798658187381467,0.2274867350010872,0.38100237504521833,0.15351564004413112
20260711,20260722,ood_shift_negative,0.6977689270425497,0.7196601258587567,0.021891198816207047,0.6974869606448554,0.7197724039829303,0.022285443338074917,0.22222851192063772,0.1474825848669393,-0.07474592705369842,1.808685113472173,1.0358362165376578,-0.7728488969345153,0.5052149498794102,0.42644335871808126,-0.07877159116132892,0.9193674940359767,0.8672549888498696,-0.052112505186107105,0.2074455343672396,0.34336276439968466,0.13591723003244507
20260711,20260722,ood_shift_positive,0.6898511890931535,0.7237339760058299,0.03388278691267643,0.6927453769559033,0.723565670934092,0.03082029397818864,0.22441836882112381,0.14875815885787103,-0.07566020996325279,1.9625132857016663,1.058470301437422,-0.9040429842642443,0.5132064710990921,0.4191602630236846,-0.09404620807540753,0.9168305846965387,0.872323829791963,-0.044506754904575674,0.2111824382132707,0.3335677807042076,0.12238534249093691
20260711,20260722,ood_texture,0.6380331576918127,0.6870165048011847,0.04898334710937202,0.6410621147463252,0.6880037932669512,0.04694167852062592,0.25807585700420815,0.17005175920163584,-0.08802409780257231,2.102260825709707,1.1334438070003143,-0.9688170187093927,0.5922875650968213,0.46379809364585334,-0.128489471450968,0.898439467942449,0.857358437796349,-0.041081030146099984,0.26129206965637236,0.36988790481006667,0.10859583515369431
20260711,20260723,in_range,0.7038175185668314,0.7260993661376194,0.022281847570787994,0.7050734945471787,0.7264106211474632,0.02133712660028453,0.21772748025574923,0.14704002933854904,-0.07068745091720019,1.866955389525552,1.0343550983758327,-0.8326002911497192,0.5017758139709646,0.41829585754654125,-0.08347995642442335,0.9228009748029279,0.872450241153983,-0.050350733648944934,0.19908296509143178,0.33020421893201185,0.13112125384058007
20260711,20260723,level0,0.6969800325643246,0.7236251275752741,0.02664509501094947,0.6984352773826458,0.7240398293029872,0.02560455192034139,0.2209413617976529,0.1500442671289711,-0.0708970946686818,1.8275045097361167,1.0244626384845836,-0.803041871251533,0.4960855203188472,0.4162581307006577,-0.07982738961818947,0.9193766391802988,0.8736773111516122,-0.04569932802868659,0.20228780966158735,0.3276900302709521,0.12540222060936476
20260711,20260723,ood_all,0.3395048948636213,0.38986695016384804,0.05036205530022675,0.34471313418681837,0.41014698909435754,0.06543385490753917,0.49612952024804413,0.35632955117946896,-0.13979996906857517,4.687957095902179,3.1143978218213415,-1.573559274080837,1.1017305205310988,0.8973606377838431,-0.20436988274725565,0.8408426544348625,0.7662401556573021,-0.07460249877756042,0.41376253538835467,0.6006055262242004,0.1868429908358457
20260711,20260723,ood_background,0.6836825757255713,0.7179192830247736,0.03423670729920225,0.6851588430535799,0.7178757705073494,0.03271692745376953,0.22745548282657652,0.15273803305772882,-0.0747174497688477,1.9185450872290921,1.05519393312261,-0.8633511541064822,0.5212148947129651,0.4270018040471111,-0.09421309066585404,0.9126143258801565,0.8705461989538881,-0.04206812692626838,0.22158655967139199,0.33729666097999966,0.11571010130860768
20260711,20260723,ood_broadening,0.4427730458258252,0.6165977781346857,0.17382473230886053,0.43764817449027976,0.6178283546704599,0.18018018018018017,0.45690877452287815,0.22430903225388216,-0.232599742268996,5.590949511024534,1.7334406001880072,-3.857508910836527,0.9880117206978424,0.5859151594165329,-0.40209656128130944,0.8945569490131579,0.8421373869243421,-0.05241956208881571,0.26599985394805714,0.4079990261593724,0.14199917221131525
20260711,20260723,ood_combo_background_noise,0.627560906720199,0.6185156200686415,-0.009045286651557571,0.6254148885727833,0.6187766714082503,-0.006638217164532945,0.26668317423097443,0.21429180002370793,-0.0523913742072665,2.2942499484341288,1.4714745628646775,-0.8227753855694513,0.6189220168651028,0.5719216045581091,-0.0470004123069937,0.8911340025263751,0.8330684714319583,-0.05806553109441681,0.2763021650031336,0.4339976125663632,0.15769544756322962
20260711,20260723,ood_combo_shift_broadening,0.4199551030443228,0.6141875938068149,0.19423249076249205,0.4177335229966809,0.615931721194879,0.19819819819819817,0.4772195612553344,0.2234218953739924,-0.253797665881342,5.851668061727154,1.7911084068171341,-4.06055965491002,1.0206142504338935,0.5959183227756516,-0.42469592765824193,0.8949530842520151,0.8393536165688715,-0.05559946768314361,0.2693239822786858,0.41653355612846377,0.14720957384977795
20260711,20260723,ood_combo_texture_shift,0.6333603947876872,0.6901072348023692,0.056746840014682,0.6372688477951636,0.6903745851114272,0.05310573731626367,0.26224453791785207,0.16170316852625652,-0.10054136939159555,2.1022786876746045,1.1574097683458142,-0.9448689193287902,0.6069668930874228,0.46847740458918674,-0.13848948849823606,0.8995133857130156,0.8520777536376838,-0.04743563207533186,0.25958828634533837,0.38487915014431134,0.12529086379897297
20260711,20260723,ood_noise,0.6737982555648633,0.6932398470961638,0.01944159153130054,0.6747273589378853,0.6927453769559033,0.018018018018018056,0.23437256901226888,0.16292937031398172,-0.07144319869828716,1.959383198068326,1.1670257777643283,-0.7923574203039978,0.5414396263045352,0.4579151955795251,-0.08352443072501015,0.9090999279501542,0.8548938214015825,-0.05420610654857161,0.2303342070855555,0.37656421385649047,0.14623000677093498
20260711,20260723,ood_shift_negative,0.6933256469432935,0.7193588567578538,0.026033209814560365,0.6932195353247985,0.7197724039829303,0.02655286865813178,0.22708886672445472,0.14929181854551915,-0.07779704817893557,1.8459572303089722,1.0479805727656386,-0.7979766575433336,0.5155970984460412,0.4317793127106819,-0.08381778573535931,0.9203084020492532,0.8690642225284495,-0.051244179520803734,0.20434121356663715,0.3415622587309396,0.13722104516430245
20260711,20260723,ood_shift_positive,0.6940003397297675,0.7221534576371018,0.028153117907334324,0.6970128022759602,0.7221431958274064,0.025130393551446195,0.22110273307847322,0.1505996899448791,-0.07050304313359412,1.927392832571503,1.0553420915026237,-0.8720507410688794,0.5049467222543352,0.4197175291016662,-0.08522919315266902,0.9181155353544334,0.8727428857722854,-0.04537264958214793,0.21062788386868037,0.3330311405870063,0.12240325671832591
20260711,20260723,ood_texture,0.649137848602737,0.701645833865128,0.05250798526239098,0.6519677572309152,0.701280227596017,0.04931247036510189,0.24483299345809628,0.155185806180358,-0.0896471872777383,2.0420773660912115,1.1411461825412603,-0.9009311835499512,0.5699009244651883,0.4569265815195362,-0.11297434294565206,0.8964101719935396,0.8564660337763751,-0.03994413821716447,0.2632692723975291,0.37133974801406583,0.10807047561653671
20260712,20260721,in_range,0.6922225536452729,0.7414805892997512,0.049258035654478394,0.692271218587008,0.7411095305832148,0.04883831199620681,0.22302795960022515,0.18122515762061403,-0.041802801979611115,1.8596454199996524,1.3736362865779477,-0.4860091334217047,0.5074904020998128,0.42552051725110773,-0.08196988484870504,0.9152991781872333,0.9217012422578829,0.006402064070649582,0.21278239373438682,0.20082448167441522,-0.011957912059971598
20260712,20260721,level0,0.705709124307212,0.7440255013690787,0.038316377061866747,0.705547652916074,0.7439544807965861,0.038406827880512084,0.2146285497051327,0.18184494373073737,-0.032783605974395336,1.7888227522498292,1.3552652401202727,-0.4335575121295565,0.49193622571481266,0.42206506646118436,-0.0698711592536283,0.9201762026212067,0.9221323374155406,0.0019561347943338747,0.20314919218928484,0.19941781970286024,-0.0037313724864246056
20260712,20260721,ood_all,0.3333480820244931,0.3200219916679898,-0.01332609035650334,0.3361782835467046,0.3404457088667615,0.004267425320056917,0.5102007718038764,0.4973189678165007,-0.01288180398737565,4.785920950011636,5.5332250252494335,0.7473040752377971,1.1177738319674015,1.1029046280678458,-0.014869203899555705,0.8463790553505809,0.8377646766832622,-0.008614378667318734,0.39596330752642284,0.40940367526242816,0.01344036773600532
20260712,20260721,ood_background,0.6837747654910838,0.7366905321211907,0.052915766630106886,0.6818397344713134,0.7368421052631579,0.055002370791844446,0.2299857937707444,0.1839217018210645,-0.04606409194967992,1.9424902299676396,1.381402749870304,-0.5610874800973356,0.5327817030684266,0.43277575104670024,-0.10000595202172641,0.9112532042733523,0.9197749738842461,0.008521769610893792,0.22688362403769533,0.20656547104624545,-0.020318152991449873
20260712,20260721,ood_broadening,0.5810918462502229,0.6671764126825661,0.08608456643234319,0.5756282598387862,0.6614509246088194,0.0858226647700332,0.3232673077065552,0.24226251333570417,-0.08100479437085104,3.04235350441854,1.953922979370303,-1.0884305250482371,0.724373924931484,0.5610205193305492,-0.1633534056009348,0.8988955675453414,0.9035786917674253,0.004683124222083945,0.2557348146068907,0.24618613691759844,-0.00954867768929224
20260712,20260721,ood_combo_background_noise,0.6109188609223238,0.656474252255312,0.04555539133298814,0.6073968705547653,0.65149359886202,0.04409672830725464,0.2894171926861071,0.23751734104581557,-0.05189985164029154,2.376403997508939,1.8502869329880571,-0.5261170645208817,0.6577081591245081,0.5677438040208369,-0.08996435510367118,0.8952867083777857,0.8872576189470721,-0.008029089430713565,0.26917656715997756,0.28897317231100905,0.019796605151031488
20260712,20260721,ood_combo_shift_broadening,0.5733567734139502,0.6643523432824222,0.09099556986847201,0.566145092460882,0.6586059743954481,0.09246088193456614,0.32975665581288527,0.24385886194582737,-0.0858977938670579,3.004523275693947,1.9454947750785923,-1.0590285006153548,0.7321326141121149,0.5687192214836874,-0.16341339262842758,0.8959017482737672,0.9014595650337838,0.005557816760016543,0.26557900739387974,0.2528227063968311,-0.012756300997048664
20260712,20260721,ood_combo_texture_shift,0.603424905027982,0.7004235098022776,0.09699860477429567,0.6069227121858701,0.701280227596017,0.09435751541014692,0.2917884475758653,0.20520048471580127,-0.08658796286006404,2.396379601484549,1.55380790105066,-0.8425717004338888,0.6522018022692253,0.48868464634130765,-0.16351715592791766,0.8987111597617354,0.9058470348432314,0.007135875081495935,0.2585798482996126,0.24145645728329868,-0.017123391016313938
20260712,20260721,ood_noise,0.6726877073106732,0.7096860829550307,0.036998375644357484,0.6709340919867236,0.70791844476055,0.03698435277382639,0.2409062537043623,0.19882238323850165,-0.04208387046586065,1.9807332478967463,1.5086736263071594,-0.4720596215895869,0.5522092725804288,0.4747583089728914,-0.07745096360753745,0.9118403456910859,0.9067408279990516,-0.005099517692034206,0.22581436274061795,0.24068043762165742,0.01486607488103947
20260712,20260721,ood_shift_negative,0.6886134324202148,0.7378217051922954,0.04920827277208062,0.689900426742532,0.7377904220009484,0.04788999525841631,0.2294410788769855,0.18156132849543624,-0.04787975038154926,1.905003239366558,1.3914445366202437,-0.5135587027463142,0.5237923099496261,0.4332168032712949,-0.0905755066783312,0.9193415056195176,0.9193517504963845,1.0244876866960517e-05,0.20795760828849366,0.20712036158656028,-0.0008372467019333862
20260712,20260721,ood_shift_positive,0.6945342403638743,0.7352845899074953,0.040750349543621,0.6946420104314841,0.7349454717875771,0.04030346135609297,0.2252042724262091,0.18503787247362496,-0.04016639995258414,1.9148199998323567,1.3876006482586942,-0.5272193515736625,0.5177303615128047,0.4366763463514932,-0.0810540151613115,0.9191931574872569,0.9195858198864983,0.0003926623992414058,0.20785207620311671,0.20508944310664787,-0.0027626330964688472
20260712,20260721,ood_texture,0.608489798056446,0.7057074674369005,0.09721766938045451,0.6121384542437174,0.7064959696538644,0.09435751541014703,0.28739623155227595,0.19985937314781888,-0.08753685840445707,2.3596782920145003,1.5303496710909508,-0.8293286209235495,0.6440907569352766,0.47991024281978223,-0.1641805141154944,0.899190180106093,0.9049713004534139,0.005781120347320923,0.2559295543677029,0.2420365663421567,-0.013892988025546227
20260712,20260722,in_range,0.7021199208785632,0.7426865137119133,0.04056659283335007,0.7017543859649122,0.7430061640587956,0.04125177809388336,0.21851975073346375,0.18172293129889755,-0.0367968194345662,1.8336693373918855,1.374108984574166,-0.45956035281771945,0.5066519606820507,0.4289758790552806,-0.07767608162677003,0.920274136698376,0.9222895412888217,0.0020154045904456908,0.20416655116015772,0.199144722181337,-0.005021828978820725
20260712,20260722,level0,0.705709124307212,0.7440255013690787,0.038316377061866747,0.705547652916074,0.7439544807965861,0.038406827880512084,0.2146285497051327,0.18184494373073737,-0.032783605974395336,1.7888227522498292,1.3552652401202727,-0.4335575121295565,0.49193622571481266,0.42206506646118436,-0.0698711592536283,0.9201762026212067,0.9221323374155406,0.0019561347943338747,0.20314919218928484,0.19941781970286024,-0.0037313724864246056
20260712,20260722,ood_all,0.32780226519685307,0.3354189524654826,0.007616687268629518,0.3361782835467046,0.3541963015647226,0.018018018018018,0.5085473528627311,0.4899655772137269,-0.018581775649004206,4.756230087639932,5.594265513948437,0.8380354263085046,1.115363286627783,1.0860749425306964,-0.029288344097086583,0.8445563933588194,0.8441618787784495,-0.00039451458036987574,0.4034081648377021,0.3971685492197003,-0.0062396156180017925
20260712,20260722,ood_background,0.6844507479982987,0.7408434018219331,0.05639265382363434,0.6827880512091038,0.7411095305832148,0.05832147937411103,0.22898515291607396,0.17862897848506398,-0.05035617443100998,1.9367250938193337,1.4018067066082907,-0.534918387211043,0.5331277921617364,0.43116859416474207,-0.10195919799699438,0.9117732041251778,0.919616265113798,0.007843060988620199,0.2257751936640556,0.20443393829906573,-0.021341255364989875
20260712,20260722,ood_broadening,0.5803392149925559,0.6685207432945096,0.0881815283019537,0.5732574679943101,0.6638217164532954,0.09056424845898525,0.33170109871384545,0.23729913095661456,-0.09440196775723089,3.065844045855593,1.9316663087095702,-1.1341777371460227,0.730518886219433,0.5538851096196938,-0.1766337765997391,0.9049585667081556,0.9011208474099099,-0.003837719298245612,0.2438686611971048,0.24893605402232705,0.0050673928252222555
20260712,20260722,ood_combo_background_noise,0.6128584052774194,0.6455258463348242,0.03266744105740482,0.6083451872925557,0.6415362731152204,0.03319108582266472,0.28759626711415365,0.250404354292615,-0.037191912821538664,2.413904522997423,1.9249114034415533,-0.4889931195558699,0.6568341764532333,0.5829710812247937,-0.07386309522843959,0.8959414544067094,0.8912134147922594,-0.004728039614450008,0.2668944317128525,0.2818355491167796,0.014941117403927118
20260712,20260722,ood_combo_shift_broadening,0.573930708315963,0.6608813069160425,0.08695059860007948,0.5666192508297772,0.6557610241820768,0.08914177335229967,0.3310009742472736,0.2467577569345662,-0.0842432173127074,3.105147360182535,1.9740032893721018,-1.1311440708104332,0.7387055450482166,0.5719360596430788,-0.1667694854051378,0.896987473699028,0.9014667422356567,0.004479268536628722,0.259342668098891,0.2508987202195565,-0.008443947879334501
20260712,20260722,ood_combo_texture_shift,0.608361669509761,0.7025415069932325,0.09417983748347147,0.611190137505927,0.7036510194404931,0.09246088193456614,0.28651575094831677,0.19805766395507352,-0.08845808699324326,2.328593513081211,1.464809192457258,-0.863784320623953,0.6468131238690209,0.47958000085400104,-0.16723312301501986,0.8976190674638455,0.9016325124466572,0.0040134449828117535,0.2623222963006258,0.2496871164998582,-0.012635179800767615
20260712,20260722,ood_noise,0.6644086467070254,0.702052222349601,0.03764357564257559,0.6633475580844002,0.7008060692271219,0.037458511142721695,0.2444714708540778,0.20829733156264818,-0.036174139291429624,1.988041539546924,1.553398973145006,-0.434642566401918,0.5569008722781188,0.4807575199523582,-0.07614335232576058,0.907819028938478,0.90910340078977,0.0012843718512920432,0.2330144530318462,0.23431076003852366,0.0012963070066774607
20260712,20260722,ood_shift_negative,0.6951365613255637,0.7411866173263412,0.046050056000777495,0.696538643907065,0.7411095305832148,0.044570886676149835,0.22063019536806544,0.18103704547475105,-0.03959314989331439,1.8851152326394656,1.3757865681768258,-0.5093286644626398,0.5111106877099486,0.42856497747848366,-0.08254571023146495,0.9171688392751304,0.9208123110775249,0.003643471802394549,0.21019833020088324,0.20549350705771352,-0.004704823143169723
20260712,20260722,ood_shift_positive,0.6916079475701036,0.7382336246326877,0.04662567706258414,0.692271218587008,0.7377904220009484,0.045519203413940335,0.22531042555713607,0.18109758864538877,-0.044212836911747294,1.9218706297125043,1.3711799574979218,-0.5506906722145826,0.5220000482882609,0.43317598649384087,-0.08882406179441998,0.9165886435366287,0.9188880106463371,0.00229936710970835,0.21160655292631644,0.20619107486978533,-0.0054154780565311145
20260712,20260722,ood_texture,0.6247728183780138,0.713228983431265,0.08845616505325116,0.6277856804172594,0.7140825035561877,0.08629682313892839,0.2715442236027146,0.19150858300734946,-0.08003564059536511,2.2259834992350838,1.4813463903687913,-0.7446371088662924,0.6204927145566959,0.47218366652829225,-0.1483090480284036,0.8993299040199739,0.9055910865635373,0.006261182543563337,0.2558116301175809,0.2385619673925007,-0.01724966272508019
20260712,20260723,in_range,0.6993597585103873,0.7379324838307022,0.03857272532031486,0.6998577524893315,0.7377904220009484,0.03793266951161689,0.2176597598832385,0.1849106507823613,-0.032749109100877194,1.8349136150598007,1.3813281282858152,-0.45358548677398547,0.4959002947553278,0.43189811865169486,-0.06400217610363296,0.91751751237257,0.9227010727833096,0.0051835604107396405,0.20904262368283277,0.1967383565794923,-0.012304267103340483
20260712,20260723,level0,0.705709124307212,0.7440255013690787,0.038316377061866747,0.705547652916074,0.7439544807965861,0.038406827880512084,0.2146285497051327,0.18184494373073737,-0.032783605974395336,1.7888227522498292,1.3552652401202727,-0.4335575121295565,0.49193622571481266,0.42206506646118436,-0.0698711592536283,0.9201762026212067,0.9221323374155406,0.0019561347943338747,0.20314919218928484,0.19941781970286024,-0.0037313724864246056
20260712,20260723,ood_all,0.3257005758165094,0.34518259545401836,0.01948201963750895,0.3285917496443812,0.3575154101469891,0.028923660502607917,0.5086567473106329,0.48257606907894735,-0.026080678231685583,4.937894953951476,5.438234728342095,0.5003397743906186,1.1318422917681488,1.079159364575883,-0.05268292719226575,0.8372484969550142,0.8400914792259364,0.0028429822709221675,0.41642137931892037,0.4027920964413332,-0.01362928287758719
20260712,20260723,ood_background,0.6742248043826395,0.7330765317965422,0.058851727413902655,0.671882408724514,0.7330488383119962,0.061166429587482196,0.23782688681691563,0.18950139747066147,-0.048325489346254163,1.9652199641683945,1.4219337925189803,-0.5432861716494142,0.5461726862995806,0.43826363116882094,-0.10790905513075966,0.9097092955414295,0.9206147065033784,0.010905410961948858,0.22736186579260542,0.20450016493563572,-0.022861700856969702
20260712,20260723,ood_broadening,0.5775437085965344,0.6704973315549038,0.0929536229583694,0.5718349928876245,0.6642958748221907,0.09246088193456614,0.32735507145714793,0.2371335922682551,-0.09022147918889284,3.0560840749628824,1.9901564565397865,-1.065927618423096,0.7226398793543531,0.5585833477095656,-0.1640565316447875,0.8991900643447724,0.9011905357248696,0.0020004713800971796,0.25478977355861887,0.24838706825596368,-0.006402705302655187
20260712,20260723,ood_combo_background_noise,0.5915203251395701,0.6378258393681657,0.046305514228595634,0.5874822190611664,0.6334755808440019,0.04599336178283553,0.30839961826546947,0.2524247366198435,-0.05597488164562597,2.529264508209545,2.041831686473042,-0.48743282173650293,0.6907571230136459,0.5899831049954823,-0.10077401801816355,0.8944225501200214,0.88585771729789,-0.008564832822131385,0.27192285185774523,0.29232618458273774,0.020403332724992507
20260712,20260723,ood_combo_shift_broadening,0.5473386976912759,0.6593588872570469,0.11202018956577109,0.5410146989094358,0.6538643907064959,0.11284969179706017,0.3541070495865932,0.24295302961267184,-0.11115401997392138,3.14403785481838,1.9664963902022834,-1.1775414646160967,0.7700381913215018,0.5687691691983002,-0.20126902212320152,0.8947656666740754,0.8968174203191679,0.002051753645092469,0.266391058467834,0.2591468014835123,-0.007244256984321684
20260712,20260723,ood_combo_texture_shift,0.6095236831088272,0.7059826096469626,0.09645892653813537,0.6121384542437174,0.7064959696538644,0.09435751541014703,0.28324479907539124,0.19903642592016363,-0.08420837315522761,2.360449089959693,1.509617622979165,-0.8508314669805281,0.6458747446820824,0.4776898679665084,-0.16818487671557397,0.8953832533191086,0.904716046741643,0.009332793422534347,0.2634546792956677,0.24495434254614504,-0.018500336749522645
20260712,20260723,ood_noise,0.6719927823219808,0.7055293047804552,0.03353652245847438,0.6709340919867236,0.7027027027027027,0.03176861071597914,0.23889929969031537,0.20478003959963254,-0.034119260090682835,1.9794391060012837,1.5601330854170479,-0.41930602058423583,0.54978806037812,0.48660357239984725,-0.06318448797827275,0.9094599456570057,0.9074827423023353,-0.0019772033546704426,0.22982228654512135,0.23814789566994785,0.008325609124826494
20260712,20260723,ood_shift_negative,0.6925288299309258,0.7396854510432418,0.047156621112316,0.6936936936936937,0.7396870554765291,0.04599336178283542,0.22690584807669506,0.17798256727121864,-0.04892328080547642,1.9280437395173795,1.3906720610078809,-0.5373716785094986,0.5220205719125126,0.43346410977545596,-0.08855646213705665,0.9201295508090327,0.9176696227477478,-0.0024599280612849217,0.20477621409414506,0.20942330777192916,0.004647093677784098
20260712,20260723,ood_shift_positive,0.6909314248066144,0.7386932227931176,0.04776179798650315,0.6917970602181128,0.7377904220009484,0.04599336178283553,0.22794746843883357,0.18568150541577766,-0.04226596302305591,1.9304722596160193,1.3819426915873805,-0.5485295680286388,0.5220924525697805,0.4345643604381257,-0.08752809213165486,0.9197445286569464,0.9209534241272522,0.001208895470305782,0.20472711857867656,0.20315958539917817,-0.0015675331794983982
20260712,20260723,ood_texture,0.6188911707195263,0.7173166941651409,0.09842552344561462,0.6211474632527264,0.7174016121384542,0.09625414888572781,0.278955957911036,0.19234079114064728,-0.08661516677038872,2.3117052331944654,1.4550499489072446,-0.8566552842872208,0.636146271662991,0.4639218699439722,-0.17222440171901876,0.9000205360582622,0.9097424032791015,0.009721867220839342,0.2525969472584223,0.23124842183437747,-0.021348525424044834
20260713,20260721,in_range,0.6979500650837117,0.749217043659998,0.05126697857628626,0.6993835941204363,0.7501185395922239,0.050734945471787585,0.23749661976944056,0.17474379704540066,-0.0627528227240399,2.1003601699212444,1.2897125644696723,-0.8106476054515721,0.5241288684408931,0.41847135816089465,-0.10565751027999848,0.9362092612760787,0.9234732007912517,-0.012736060484827005,0.1660112192846522,0.19754844390118517,0.031537224616532966
20260713,20260721,level0,0.703206689286821,0.7461428532235186,0.042936163936697636,0.7041251778093883,0.7472735893788526,0.04314841156946425,0.23127942652767897,0.17760472232100524,-0.05367470420667372,2.0391897238707313,1.2790483895618217,-0.7601413343089096,0.5104775119582934,0.4182444985771741,-0.09223301338111928,0.9354046043370673,0.924499077613798,-0.010905526723269277,0.16531610625875054,0.19555441132681364,0.030238305068063104
20260713,20260721,ood_all,0.35462946332866413,0.34913661015026815,-0.005492853178395984,0.3560929350403035,0.3665244191559981,0.010431484115694611,0.4982701785873044,0.47675663173453053,-0.021513546852773846,5.021922467528861,4.948956821851928,-0.0729656456769332,1.0976275620297344,1.0581969331275094,-0.03943062890222504,0.8543631136276079,0.8432810508905287,-0.011082062737079124,0.37364498598856805,0.39814983746438265,0.024504851475814604
20260713,20260721,ood_background,0.6961217306813635,0.7451927572013908,0.04907102652002726,0.696538643907065,0.7463252726410621,0.049786628733997085,0.23251541014698918,0.18039734841749638,-0.05211806172949279,2.1342378952645036,1.3039857949356,-0.8302521003289036,0.5383134066349967,0.4215438146922623,-0.1167695919427344,0.9288572598091512,0.9249702261883594,-0.003887033620791791,0.18323105196534736,0.19775160938258732,0.014520557417239954
20260713,20260721,ood_broadening,0.5821860553971733,0.6014954723768705,0.019309416979697236,0.5713608345187292,0.5979137031768611,0.02655286865813189,0.34042267236397583,0.286000034265351,-0.054422638098624854,3.7810741803941195,2.57745520910604,-1.2036189712880794,0.7522673102374774,0.6647118631362122,-0.08755544710126517,0.9117763296808321,0.8835389022863324,-0.028237427394499748,0.22082213693066916,0.2903967569073398,0.06957461997667064
20260713,20260721,ood_combo_background_noise,0.6308749815889378,0.669874343115717,0.038999361526779186,0.6287339971550497,0.6671408250355618,0.038406827880512084,0.2805822887031769,0.22503352447842587,-0.05554876422475105,2.389016132640305,1.6383814162550934,-0.7506347163852118,0.6339549781565814,0.5380282955499801,-0.09592668260660131,0.9093162858582267,0.8921743495139877,-0.017141936344238995,0.234886997682268,0.2771392158852359,0.04225221820296787
20260713,20260721,ood_combo_shift_broadening,0.557576950728894,0.5919019864694658,0.034325035740571774,0.55049786628734,0.5884305357989569,0.03793266951161689,0.3641829149256164,0.29445072642543857,-0.06973218850017782,4.006985334076509,2.5681508544943097,-1.4388344795821992,0.7929227512123345,0.6786919116184722,-0.11423083959386227,0.9143147439174372,0.8827840227151493,-0.03153072120228784,0.2160036226918974,0.2972194438415881,0.0812158211496907
20260713,20260721,ood_combo_texture_shift,0.6167496826220279,0.7092631043283066,0.09251342170627874,0.6263632053105738,0.7112375533428165,0.0848743480322427,0.28419994573109286,0.19121559110508532,-0.09298435462600754,2.7003046901346135,1.450487541403275,-1.2498171487313385,0.6390899741605414,0.4738319342757463,-0.16525803988479504,0.9105168465134542,0.9015610877118895,-0.00895575880156474,0.22606422982270305,0.24794704900226203,0.021882819179558977
20260713,20260721,ood_noise,0.6738416734064293,0.7073369389602989,0.03349526555386961,0.6756756756756757,0.7060218112849692,0.030346135609293556,0.2473762696701636,0.20293156283339261,-0.044444706836770986,2.1673143613892356,1.488753906893121,-0.6785604544961146,0.5615982023053641,0.4813158408725548,-0.08028236143280926,0.9230519453458392,0.9082419050423779,-0.014810040303461336,0.19917887502482398,0.23703537965302657,0.037856504628202586
20260713,20260721,ood_shift_negative,0.6967185396357545,0.7444374341780902,0.04771889454233569,0.6998577524893315,0.7453769559032717,0.045519203413940224,0.23105913273470843,0.17613872095779998,-0.05492041177690846,2.0977657258045537,1.3155453391366838,-0.7822203866678699,0.5076064209607289,0.4234609706305892,-0.08414545033013976,0.9309168852240398,0.9196208955666193,-0.011295989657420513,0.1754841408570208,0.20361007999346942,0.02812593913644862
20260713,20260721,ood_shift_positive,0.6838990959352821,0.7375471245820552,0.053648028646773094,0.687529634898056,0.7382645803698435,0.050734945471787585,0.24190585270714793,0.18116079432639878,-0.060745058380749145,2.173253330308525,1.3225426467836072,-0.8507106835249176,0.5383297764052465,0.4321766915658455,-0.106153084839401,0.9294354876052039,0.9193582331303343,-0.010077254474869624,0.1795891471465071,0.20799316128571557,0.028404014139208483
20260713,20260721,ood_texture,0.6244019407356809,0.7040320362190097,0.07963009548332878,0.6320531057373162,0.7064959696538644,0.0744428639165482,0.2797952274848862,0.19752759286836177,-0.08226763461652445,2.569340999838896,1.4441013586157387,-1.1252396412231573,0.6292618927273353,0.4722077141759246,-0.15705417855141074,0.9118483332222025,0.9040235625222262,-0.007824770699976336,0.2218170733735698,0.24530586081235903,0.023488787438789238
20260713,20260722,in_range,0.6988249100757782,0.7447497878769117,0.04592487780113352,0.7003319108582267,0.7458511142721669,0.045519203413940224,0.231411973239687,0.17794506060336646,-0.05346691263632056,2.0170251456233337,1.2871160805685196,-0.7299090650548141,0.5152233646666231,0.4217935010938829,-0.09342986357274019,0.9310129671200806,0.9237961748755334,-0.007216792244547188,0.17290486300019728,0.19678680881510677,0.02388194581490949
20260713,20260722,level0,0.703206689286821,0.7461428532235186,0.042936163936697636,0.7041251778093883,0.7472735893788526,0.04314841156946425,0.23127942652767897,0.17760472232100524,-0.05367470420667372,2.0391897238707313,1.2790483895618217,-0.7601413343089096,0.5104775119582934,0.4182444985771741,-0.09223301338111928,0.9354046043370673,0.924499077613798,-0.010905526723269277,0.16531610625875054,0.19555441132681364,0.030238305068063104
20260713,20260722,ood_all,0.36493450574910236,0.35792737675817815,-0.007007128990924205,0.36462778568041726,0.37221431958274065,0.007586533902323389,0.484186887854137,0.46803262709666904,-0.016154260757467953,4.744073740991811,4.902400007771968,0.15832626678015682,1.0671933487331677,1.0404280819412444,-0.02676526679192337,0.8488146735345543,0.8402469466794097,-0.00856772685514462,0.3829246979946298,0.40290645371779255,0.019981755723162742
20260713,20260722,ood_background,0.6827467584774176,0.7441278999684234,0.06138114149100582,0.6827880512091038,0.7449027975343765,0.062114746325272696,0.24780470231744905,0.17851391173245618,-0.06929079058499288,2.1828205987611082,1.2963851738423633,-0.8864354249187449,0.5433636268251743,0.4221447415049443,-0.12121888532022995,0.9304512931928639,0.9234167092668326,-0.00703458392603129,0.18025650180990416,0.1986753405054694,0.018418838695565237
20260713,20260722,ood_broadening,0.5807389072155942,0.601768665571619,0.02102975835602483,0.5689900426742532,0.5998103366524419,0.03082029397818864,0.3481857422801091,0.2864303190937648,-0.061755423186344305,3.8080019193729195,2.526603320520679,-1.2813985988522405,0.7537065268724101,0.6559751745219904,-0.09773135235041974,0.915944779071835,0.8855960967134898,-0.030348682358345203,0.21398360177281486,0.2901620887403097,0.07617848696749482
20260713,20260722,ood_combo_background_noise,0.636113644161657,0.6730360715322485,0.03692242737059148,0.6344238975817923,0.6704599336178284,0.03603603603603611,0.27636660869339735,0.22302842264550732,-0.053338186047890035,2.4194758756134167,1.6925996786850306,-0.7268761969283861,0.620982053795699,0.5376983272802202,-0.08328372651547888,0.910091307899182,0.8934883562633357,-0.016602951635846352,0.23091429185904236,0.27716410139599007,0.04624980953694771
20260713,20260722,ood_combo_shift_broadening,0.5664155037935091,0.5964086368601114,0.02999313306660223,0.5590327169274538,0.5936462778568041,0.03461356092935031,0.35704819745732574,0.29201904412636315,-0.0650291533309626,4.035141505505445,2.5706884891921877,-1.4644530163132572,0.7806424914705165,0.6728375547140107,-0.10780493675650571,0.9150355896603841,0.8856653219831674,-0.029370267677216733,0.21637016057097636,0.2929178521611512,0.07654769159017483
20260713,20260722,ood_combo_texture_shift,0.6209553110571447,0.7027787818642179,0.0818234708070732,0.6282598387861545,0.7045993361782835,0.07633949739212897,0.28345837871177104,0.20489128622866293,-0.07856709248310811,2.585366214091912,1.4575888066705307,-1.127777407421381,0.6340853210793364,0.48804479876768,-0.14604052231165637,0.9117182174979256,0.9083105515054528,-0.003407665992472775,0.2272931935340157,0.23898973722644662,0.011696543692430922
20260713,20260722,ood_noise,0.6670183819155255,0.7091635832828843,0.042145201367358776,0.6685633001422475,0.7083926031294452,0.03982930298719767,0.2553107821020034,0.20039037032509482,-0.054920411776908595,2.243448403859461,1.4527310654511367,-0.7907173384083241,0.5689130695596072,0.4722707733719536,-0.09664229618765358,0.9232299862568161,0.9066008725625296,-0.016629113694286435,0.19922112220376528,0.24206926442769858,0.042848142223933294
20260713,20260722,ood_shift_negative,0.694511309598715,0.7442923610666217,0.04978105146790668,0.696538643907065,0.7449027975343765,0.0483641536273115,0.23752255030523944,0.17592282609500948,-0.06159972421022997,2.1253274504877306,1.321899994448531,-0.8034274560391996,0.5194537577268883,0.42361621198126204,-0.09583754574562625,0.933668068767781,0.9208256236293859,-0.012842445138395053,0.17052255183111292,0.20304796750364443,0.032525415672531505
20260713,20260722,ood_shift_positive,0.6888606660858801,0.7401145352806058,0.05125386919472563,0.692271218587008,0.7406353722143196,0.04836415362731161,0.23993524774774777,0.180263412569642,-0.05967183517810576,2.1856715884889892,1.3266644264452765,-0.8590071620437127,0.5363447156386238,0.4327958496264983,-0.10354886601212554,0.9308891025071123,0.9208987847839616,-0.009990317723150732,0.17762327023114965,0.2052648983537912,0.027641628122641537
20260713,20260722,ood_texture,0.6325725569888345,0.7098460947534608,0.07727353776462631,0.6386913229018493,0.712185870080607,0.0734945471787577,0.27045039488501665,0.19340845779990515,-0.0770419370851115,2.4755850057849473,1.4397818394996533,-1.035803166285294,0.6175207823393121,0.46803393406307076,-0.1494868482762413,0.9091417177868658,0.9055943278805121,-0.003547389906353726,0.23212992245501068,0.24290121549824925,0.010771293043238567
20260713,20260723,in_range,0.6993990233699222,0.7419902378985197,0.04259121452859749,0.7008060692271219,0.7430061640587956,0.04220009483167375,0.2353281787132528,0.1794165027486368,-0.05591167596461599,2.0871860770813933,1.2942498374994564,-0.7929362395819368,0.5217140942660256,0.42030265509638426,-0.1014114391696413,0.9361342479403746,0.9224226668074325,-0.01371158113294213,0.16242547386390643,0.19991880109919738,0.037493327235290946
20260713,20260723,level0,0.703206689286821,0.7461428532235186,0.042936163936697636,0.7041251778093883,0.7472735893788526,0.04314841156946425,0.23127942652767897,0.17760472232100524,-0.05367470420667372,2.0391897238707313,1.2790483895618217,-0.7601413343089096,0.5104775119582934,0.4182444985771741,-0.09223301338111928,0.9354046043370673,0.924499077613798,-0.010905526723269277,0.16531610625875054,0.19555441132681364,0.030238305068063104
20260713,20260723,ood_all,0.3553833676465326,0.35921078491306563,0.0038274172665330175,0.3560929350403035,0.3745851114272167,0.018492176386913195,0.49546169318990035,0.4661717638691323,-0.02928992932076807,4.991254341309536,4.950406337973511,-0.04084800333602523,1.0984090866936134,1.037939714613044,-0.06046937208056935,0.8514925801623993,0.8406387987494073,-0.01085378141299198,0.38236476247553186,0.40416020001390135,0.02179543753836949
20260713,20260723,ood_background,0.6802911440736388,0.743849982747754,0.06355883867411527,0.6799431009957326,0.7449027975343765,0.06495969653864386,0.2511001955903272,0.17777049253200572,-0.07332970305832148,2.1601249184494264,1.2980625323779285,-0.862062386071498,0.5502769214694472,0.42189335538516387,-0.1283835660842833,0.9296446683114035,0.9226732900663822,-0.006971378245021254,0.18283801503734975,0.19990176959278175,0.017063754555431992
20260713,20260723,ood_broadening,0.5765286843288712,0.5946453734615684,0.01811668913269726,0.5666192508297772,0.5912754860123282,0.024656235182551,0.347255831592283,0.29769215916162883,-0.04956367243065418,3.910364776287571,2.603496617730143,-1.3068681585574282,0.7656694984560856,0.675056562994507,-0.09061293546157856,0.9135583594490873,0.8879621423438241,-0.025596217105263164,0.2163059877172146,0.28379292280662444,0.06748693508940984
20260713,20260723,ood_combo_background_noise,0.6254118072699437,0.6618961124578598,0.03648430518791612,0.6230440967283073,0.6595542911332385,0.036510194404931195,0.28857682337971197,0.22985428891062115,-0.058722534469090815,2.494542605443302,1.7583561447474132,-0.736186460695889,0.6460081928731413,0.5508984935099361,-0.09510969936320512,0.9116209201080192,0.8894085800438597,-0.022212340064159508,0.23131255813591867,0.2808243855353363,0.04951182739941762
20260713,20260723,ood_combo_shift_broadening,0.5571006654512447,0.5773818035310466,0.02028113807980192,0.5490753911806543,0.5742057847321005,0.025130393551446195,0.3615201730307611,0.307935878415422,-0.05358429461533909,4.075009235632075,2.691741398160982,-1.3832678374710934,0.791802160625612,0.7001262984320579,-0.09167586219355417,0.9105955642114154,0.8821416631475225,-0.028453901063892895,0.2282940102879419,0.3002784594555727,0.07198444916763078
20260713,20260723,ood_combo_texture_shift,0.6177796108771281,0.7053428649600875,0.0875632540829594,0.626837363679469,0.7069701280227596,0.08013276434329064,0.2873285111797653,0.20067838449057618,-0.08665012668918914,2.60916270518844,1.4780217353085519,-1.1311409698798882,0.6411345030141217,0.47588283722060726,-0.1652516657935144,0.9141658748592343,0.9076485125133357,-0.006517362345898614,0.22341575307904563,0.24051665034462102,0.0171008972655754
20260713,20260723,ood_noise,0.6656105814725698,0.7154312219658076,0.049820640493237756,0.6666666666666666,0.7140825035561877,0.04741583688952111,0.2589153581006994,0.19533333703769562,-0.06358202106300376,2.192149208958264,1.473204006614187,-0.7189452023440772,0.5666283434748899,0.47302160753220635,-0.09360673594268354,0.9255820247673661,0.9094158405938834,-0.0161661841734827,0.19539069267900877,0.235744754214338,0.04035406153532922
20260713,20260723,ood_shift_negative,0.6920085177029408,0.7464556536957457,0.05444713599280493,0.6941678520625889,0.7472735893788526,0.05310573731626367,0.23931499859234237,0.1751608850832741,-0.06415411350906827,2.166411175508228,1.3329003520473681,-0.8335108234608599,0.5229599258472276,0.42792483662316866,-0.09503508922405896,0.9334828506549312,0.9207892745747392,-0.012693576080191948,0.17035633588273397,0.20167453081294948,0.03131819493021551
20260713,20260723,ood_shift_positive,0.6923029301849982,0.7356427447212633,0.04333981453626512,0.6951161688003793,0.7368421052631579,0.04172593646277856,0.23619025326724752,0.1813594407524301,-0.05483081251481742,2.1905562090258384,1.3169477308939936,-0.8736084781318447,0.532806185135986,0.4289340147561664,-0.1038721703798196,0.9313064220676268,0.9178815817256402,-0.013424840341986655,0.17755723565522788,0.21056466630189044,0.03300743064666256
20260713,20260723,ood_texture,0.6278368261829185,0.7102777353871378,0.08244090920421931,0.635846372688478,0.712185870080607,0.07633949739212897,0.2767465373473803,0.19214874310988628,-0.08459779423749403,2.529538972902205,1.4080044380431267,-1.1215345348590784,0.6254357899659935,0.46322052489389137,-0.1622152650721021,0.9119235780805477,0.9043346131904931,-0.007588964890054561,0.22197980494673844,0.2441345091938952,0.022154704247156765
20260714,20260721,in_range,0.6934492281758365,0.7265259490440001,0.0330767208681636,0.6889521100047415,0.7297297297297297,0.04077761972498817,0.23809788406827886,0.12331706192211947,-0.1147808221461594,2.1913019692327125,0.9687874084928196,-1.2225145607398928,0.5341221943315994,0.3995961135633577,-0.13452608076824163,0.9270499940730204,0.8530467916518493,-0.07400320242117109,0.18419744688898787,0.3832032503736865,0.19900580348469865
20260714,20260721,level0,0.6940534212766636,0.727892090434164,0.033838669157500445,0.6903745851114272,0.7306780464675201,0.04030346135609286,0.23979216675557138,0.12312813944701276,-0.11666402730855863,2.1800039198115386,0.9618892748368704,-1.2181146449746683,0.5274561482629075,0.39477513354363736,-0.13268101471927018,0.929508301475818,0.853806185914533,-0.07570211556128503,0.18121286156077374,0.3813232148946967,0.200110353333923
20260714,20260721,ood_all,0.3353796561841678,0.36248901207484047,0.02710935589067265,0.33428165007112376,0.3750592697961119,0.04077761972498817,0.5245339912280702,0.3693414708911214,-0.1551925203369488,5.2412170697177975,3.04302809814561,-2.1981889715721876,1.1311979868476434,0.9302137123363186,-0.20098427451132483,0.8577323468616643,0.7444007406872333,-0.11333160617443105,0.3620536291695132,0.6563198499155724,0.2942662207460591
20260714,20260721,ood_background,0.6829983706384102,0.7274695175407008,0.04447114690229059,0.6770981507823614,0.7311522048364154,0.05405405405405406,0.24733563744665724,0.12432835281827882,-0.12300728462837841,2.2860367955535392,0.9804757675017928,-1.3055610280517465,0.5589307857090454,0.4007200188780981,-0.1582107668309473,0.9233986505008298,0.8530919385668563,-0.07030671193397353,0.19652834048114426,0.3827274568623493,0.18619911638120507
20260714,20260721,ood_broadening,0.5367543553549551,0.6497571494805652,0.1130027941256101,0.5234708392603129,0.6481744902797535,0.12470365101944059,0.38051486931009965,0.18277253919215272,-0.19774233011794692,3.855783014424413,1.3742203352479123,-2.4815626791765006,0.8230295154792789,0.5257824909284784,-0.29724702455080054,0.9039857085704125,0.8309470294719061,-0.07303867909850636,0.24122792218539685,0.43791468034108527,0.19668675815568842
20260714,20260721,ood_combo_background_noise,0.6187706470091193,0.653211580175136,0.03444093316601671,0.6088193456614509,0.6519677572309152,0.04314841156946425,0.2953268080992177,0.1588364551846254,-0.13649035291459227,2.6434884287545333,1.278239655866941,-1.3652487728875922,0.6611131417607904,0.5159299951442934,-0.145183146616497,0.9041461537606685,0.8108042124155406,-0.09334194134512797,0.24139349117576858,0.4939960258152784,0.2526025346395098
20260714,20260721,ood_combo_shift_broadening,0.5341869587703704,0.655062073871867,0.12087511510149662,0.5225225225225225,0.6543385490753911,0.13181602655286861,0.387218375859412,0.17272792940967285,-0.21449044644973914,3.95202929954361,1.3575534372382496,-2.5944758623053605,0.8305272120773876,0.5236699978191508,-0.30685721425823675,0.9097408983819346,0.8267108597083926,-0.08303003867354197,0.23545729731525916,0.4455083426859997,0.21005104537074054
20260714,20260721,ood_combo_texture_shift,0.6099931080313334,0.674733634095812,0.06474052606447855,0.6092935040303461,0.6804172593646278,0.07112375533428172,0.29932242583866764,0.1578948526034258,-0.14142757323524183,2.5633357562452113,1.140968551904833,-1.4223672043403783,0.6637940456754402,0.47365921446521003,-0.19013483121023017,0.9076280227596017,0.8356586309788406,-0.07196939178076112,0.23653473652136484,0.4318619410333989,0.19532720451203409
20260714,20260721,ood_noise,0.6736849024371309,0.6931695253000119,0.019484622862880996,0.6676149834044571,0.6936936936936937,0.026078710289236584,0.25099797834429827,0.1384491502192982,-0.11254882812500006,2.2609939340694476,1.1110161700555312,-1.1499777640139164,0.5687396597037514,0.45183840988792245,-0.11690124981582894,0.9186129617487553,0.832142843912992,-0.0864701178357633,0.20685075667740982,0.43709720779792166,0.23024645112051184
20260714,20260721,ood_shift_negative,0.6966103008071353,0.7098036871275576,0.013193386320422329,0.6927453769559033,0.712185870080607,0.01944049312470364,0.23286570390291608,0.1358609007342046,-0.09700480316871149,2.1381154937263016,1.013331564140578,-1.1247839295857236,0.5339048760149565,0.42200849476963664,-0.11189638124531986,0.9256110808588194,0.8480467708148115,-0.07756431004400788,0.18796977427046954,0.3954940609546184,0.20752428668414888
20260714,20260721,ood_shift_positive,0.6830887384395151,0.7203716208990116,0.037282882459496514,0.6794689426268373,0.7240398293029872,0.044570886676149835,0.24285636891002843,0.12645361490190848,-0.11640275400811995,2.227677122257125,0.9716413073867022,-1.256035814870423,0.5470221062145458,0.4031893502993638,-0.14383275591518202,0.9223253115368658,0.849719464015825,-0.07260584752104082,0.19423383495760935,0.38727490308689133,0.19304106812928198
20260714,20260721,ood_texture,0.6288523386593308,0.6803159843054237,0.05146364564609296,0.626837363679469,0.6865813181602656,0.05974395448079661,0.2889401402841987,0.15284522804054054,-0.13609491224365813,2.5621951313186258,1.125345239866073,-1.4368498914525527,0.6401054409026301,0.4621009887473529,-0.17800445215527722,0.9123127676401731,0.839426546200806,-0.07288622143936707,0.22363340677065988,0.42267965427634796,0.19904624750568808
20260714,20260722,in_range,0.688212757667184,0.7272112576903542,0.03899850002317018,0.6842105263157895,0.7302038880986249,0.04599336178283542,0.24006293248429345,0.1215674453236131,-0.11849548716068034,2.1955547080572555,0.9619785037483799,-1.2335762043088756,0.5345504649464489,0.39730045286148596,-0.1372500120849629,0.9242734588000829,0.8516527938300142,-0.0726206649700687,0.18902108975077292,0.38519303970069807,0.19617194994992515
20260714,20260722,level0,0.6940534212766636,0.727892090434164,0.033838669157500445,0.6903745851114272,0.7306780464675201,0.04030346135609286,0.23979216675557138,0.12312813944701276,-0.11666402730855863,2.1800039198115386,0.9618892748368704,-1.2181146449746683,0.5274561482629075,0.39477513354363736,-0.13268101471927018,0.929508301475818,0.853806185914533,-0.07570211556128503,0.18121286156077374,0.3813232148946967,0.200110353333923
20260714,20260722,ood_all,0.3535521160516784,0.3917307571038457,0.038178641052167284,0.35182550972024657,0.40256045519203415,0.050734945471787585,0.510119854640825,0.3514187823205607,-0.1587010723202643,5.01557430947391,3.0930451266273455,-1.922529182846564,1.1081208764721342,0.9126704804994454,-0.19545039597268876,0.8619453643610716,0.7535266107493184,-0.10841875361175324,0.3554769095692893,0.6381389610951409,0.2826620515258516
20260714,20260722,ood_background,0.682153588746793,0.7298331786818885,0.04767958993509547,0.676623992413466,0.7335229966808914,0.056899004267425335,0.24704438196420103,0.12128568226944045,-0.12575869969476058,2.275353772519187,0.9785360181465701,-1.2968177543726167,0.5542199628667293,0.3999745201159242,-0.15424544275080504,0.9229666292526079,0.8542921519381224,-0.0686744773144855,0.19780897928018162,0.3820245511024169,0.18421557182223527
20260714,20260722,ood_broadening,0.5511865891124256,0.6436067955611255,0.09242020644869997,0.5376955903271693,0.6439070649596965,0.10621147463252723,0.3644913030835112,0.18558125611219775,-0.17891004697131344,3.85783221928379,1.3759589969807944,-2.481873222302996,0.8016502002002173,0.5280314415461803,-0.27361875865403695,0.9021868934106804,0.8294883210718943,-0.07269857233878607,0.24368350750694923,0.44009976886156577,0.19641626135461654
20260714,20260722,ood_combo_background_noise,0.6263296165211552,0.6423515353659167,0.016021918844761562,0.6178283546704599,0.64058795637743,0.022759601706970112,0.2905341736679113,0.17149541862997864,-0.11903875503793265,2.664831747777797,1.3426701422809444,-1.3221616054968526,0.6570375087153397,0.5291164314376455,-0.1279210772776942,0.9083625283383713,0.8115256369650901,-0.09683689137328122,0.2310743025552455,0.49048380330361513,0.25940950074836966
20260714,20260722,ood_combo_shift_broadening,0.5387495549580807,0.6436817090867244,0.10493215412864365,0.5263157894736842,0.6443812233285917,0.11806543385490753,0.37362174571775725,0.1884593719439012,-0.18516237377385605,3.966977022680867,1.4038189330803417,-2.5631580896005253,0.8158373937443298,0.5394428634656024,-0.2763945302787274,0.8999375351914415,0.8313014327547119,-0.06863610243672957,0.24985245855145521,0.4414366293937148,0.1915841708422596
20260714,20260722,ood_combo_texture_shift,0.6177216395138966,0.6766634632138157,0.05894182369991907,0.615931721194879,0.680891417733523,0.06495969653864397,0.2900810838593528,0.1523665549801446,-0.13771452887920818,2.5505776375481366,1.1331693250743842,-1.4174083124737524,0.6482998036858992,0.4702659111146345,-0.17803389257126473,0.9050417990976174,0.8332579727136676,-0.07178382638394976,0.24201345277657305,0.432897548914997,0.19088409613842394
20260714,20260722,ood_noise,0.6751284720567668,0.6942414317557882,0.01911295969902138,0.6695116168800379,0.6955903271692745,0.026078710289236584,0.2497155744354552,0.13514138624644384,-0.11457418818901136,2.325574694939232,1.1066508565115964,-1.2189238384276355,0.5671774915020984,0.446629259885629,-0.12054823161646938,0.9192271913154931,0.8307317134157184,-0.08849547789977474,0.20391123105598807,0.4400483207333328,0.2361370896773447
20260714,20260722,ood_shift_negative,0.6934315554245254,0.713086469288971,0.019654913864445622,0.6894262683736367,0.7155049786628734,0.026078710289236695,0.23726035091423664,0.13177481552275955,-0.10548553539147709,2.1380226092637584,1.0064570331929255,-1.131565576070833,0.533651130518589,0.41948344892460737,-0.11416768159398166,0.9266866192878734,0.847279794185633,-0.0794068251022404,0.18779051069668967,0.39817539814685027,0.2103848874501606
20260714,20260722,ood_shift_positive,0.685624538568711,0.7195786020556986,0.033954063486987596,0.6818397344713134,0.7240398293029872,0.04220009483167375,0.24314345698494544,0.12795469194523468,-0.11518876503971076,2.266813990070778,0.9745685773812959,-1.2922454126894825,0.5476071786656033,0.40354499481727,-0.14406218384833325,0.9243902619724989,0.8515430520981507,-0.07284720987434812,0.18817970147266153,0.3838584308421909,0.19567872936952938
20260714,20260722,ood_texture,0.6206037623218748,0.6803665333296763,0.059762771007801585,0.6192508297771455,0.6865813181602656,0.06733048838312006,0.2950320797771456,0.1526192619428639,-0.14241281783428167,2.5096427878724477,1.10199333535053,-1.4076494525219176,0.6401734083383703,0.4568947642008323,-0.18327864413753803,0.9141386709489094,0.8392005801031295,-0.07493809084577996,0.2227380056149399,0.41922947094135793,0.19649146532641804
20260714,20260723,in_range,0.6910594555193784,0.7237804825285793,0.032721027009200876,0.6865813181602656,0.7268847795163584,0.04030346135609286,0.2411163605011261,0.12833658854166666,-0.11277977195945943,2.219700026319742,0.9739918192333564,-1.2457082070863854,0.5427095522076069,0.4019062665837167,-0.14080328562389016,0.9266891660369251,0.8545432382423542,-0.07214592779457085,0.18437840231889022,0.381310553251256,0.1969321509323658
20260714,20260723,level0,0.6940534212766636,0.727892090434164,0.033838669157500445,0.6903745851114272,0.7306780464675201,0.04030346135609286,0.23979216675557138,0.12312813944701276,-0.11666402730855863,2.1800039198115386,0.9618892748368704,-1.2181146449746683,0.5274561482629075,0.39477513354363736,-0.13268101471927018,0.929508301475818,0.853806185914533,-0.07570211556128503,0.18121286156077374,0.3813232148946967,0.200110353333923
20260714,20260723,ood_all,0.33903664574698694,0.3641427412856334,0.025106095538646456,0.3380749170222854,0.3745851114272167,0.03651019440493125,0.5200586585763396,0.3717124942582385,-0.1483461643181011,5.324559900258946,3.084034788053024,-2.240525112205922,1.1264216773523654,0.9336662078128559,-0.1927554695395095,0.8581335755986249,0.7460656199991109,-0.11206795559951399,0.3632555325006136,0.6529100349721892,0.28965450247157565
20260714,20260723,ood_background,0.6800983514710656,0.7241545205530991,0.04405616908203358,0.6742532005689901,0.7278330962541489,0.05357989568515886,0.24823579747510663,0.12620935851558795,-0.12202643895951867,2.291771502872613,0.9826086293801636,-1.3091628734924496,0.553829319833861,0.4020553261058039,-0.15177399372805706,0.9221109215712423,0.8529577711963608,-0.06915315037488146,0.2003702533638737,0.3839319592526563,0.18356170588878257
20260714,20260723,ood_broadening,0.5523139656128971,0.647409248602867,0.09509528298996983,0.5386439070649597,0.6462778568041726,0.10763394973921292,0.36540929035532244,0.18426215586474629,-0.18114713449057615,3.8767692267362914,1.3848768807555798,-2.4918923459807116,0.8002442137626263,0.5307255803161602,-0.2695186334464661,0.9029080864375889,0.8295386772463252,-0.07336940919126367,0.2463539825005246,0.44408481481071815,0.19773083231019356
20260714,20260723,ood_combo_background_noise,0.6071100530369371,0.6401261785757743,0.03301612553883715,0.5979137031768611,0.6377430061640588,0.03982930298719767,0.3052565826517307,0.16887689755956614,-0.13637968509216458,2.783136616725946,1.3487030233999762,-1.43443359332597,0.6774357149976241,0.5323064014390612,-0.14512931355856296,0.9031702858285917,0.8066199037236249,-0.0965503821049668,0.2444620062095937,0.5042615751793178,0.2597995689697241
20260714,20260723,ood_combo_shift_broadening,0.5254955556245279,0.647497444665702,0.12200188904117415,0.5139876718824087,0.647226173541963,0.1332385016595543,0.3879215101203177,0.17959616431810096,-0.20832534580221676,4.031859758783019,1.3681172613618389,-2.6637424974211807,0.841202549583262,0.526225958225869,-0.314976591357393,0.9019091820027264,0.826822337860064,-0.07508684414266242,0.24992824102682848,0.4506027480089853,0.20067450698215683
20260714,20260723,ood_combo_texture_shift,0.627860024290019,0.6749598099355512,0.04709978564553219,0.6258890469416786,0.6780464675201517,0.05215742057847317,0.2785734825080014,0.15462696840549434,-0.12394651410250707,2.530585566173257,1.1511366783685288,-1.3794488878047282,0.6338873615139251,0.4780742542932771,-0.155813107220648,0.90446252944968,0.832673435925646,-0.07178909352403395,0.24201274280421614,0.43398388693314,0.19197114412892385
20260714,20260723,ood_noise,0.67419098416012,0.6926723469046634,0.018481362744543373,0.6685633001422475,0.692271218587008,0.0237079184447605,0.25327882364272164,0.14049117991346605,-0.1127876437292556,2.305035486403121,1.1107123504347407,-1.1943231359683804,0.5714853674915062,0.4496238138739559,-0.12186155361755036,0.9218421237849692,0.8327623985004742,-0.08907972528449504,0.1997185294874123,0.4389261433043773,0.23920761381696498
20260714,20260723,ood_shift_negative,0.6940393837952039,0.7097567432848743,0.015717359489670346,0.6903745851114272,0.7126600284495022,0.022285443338074917,0.2356452489701873,0.135056185914533,-0.1005890630556543,2.161641050869217,1.0187121903926164,-1.1429288604766008,0.537622026427304,0.4233611501796514,-0.11426087624765252,0.9256419891314012,0.8477162143640351,-0.07792577476736606,0.1868189256991363,0.3953714940980197,0.2085525683988834
20260714,20260723,ood_shift_positive,0.6873727303171194,0.7195778146354707,0.03220508431835123,0.6832622095779991,0.7240398293029872,0.04077761972498806,0.2435906429661569,0.12744649974810338,-0.11614414321805352,2.239453719872118,0.9685742899496856,-1.2708794299224324,0.5507397869122721,0.4028390640021351,-0.147900722910137,0.9268215969876126,0.8514863290510906,-0.07533526793652201,0.1865879683154682,0.38572517465250855,0.19913720633704035
20260714,20260723,ood_texture,0.6318697380226448,0.6862196047748689,0.054349866752224085,0.6287339971550497,0.6903745851114272,0.0616405879563775,0.27781802413021567,0.1445194423453058,-0.13329858178490986,2.4994513434969634,1.098845975915872,-1.4006053675810914,0.6298799500415606,0.4572385302014014,-0.17264141984015918,0.9064100979062945,0.834894027456733,-0.07151607044956143,0.23204660980811803,0.42651118205396504,0.194464572245847
20260715,20260721,in_range,0.6917229320906205,0.7414098400981011,0.049686908007480546,0.6974869606448554,0.7401612138454243,0.042674253200568946,0.2271888845053936,0.17039510727833093,-0.056793777227062664,1.932685919403775,1.3090697578948247,-0.6236161615089504,0.5185197230556903,0.4243293155065163,-0.09419040754917396,0.9243276350980915,0.9105563211237553,-0.013771313974336175,0.1923562365448623,0.22924813870498753,0.03689190216012522
20260715,20260721,level0,0.6864484135876925,0.744110633156908,0.05766221956921547,0.6927453769559033,0.7430061640587956,0.05026078710289228,0.23239964882645806,0.1699315989509246,-0.06246804987553345,1.9022006212540599,1.2785080536216615,-0.6236925676323983,0.515274071766433,0.41826162545446305,-0.09701244631196998,0.9251450257823614,0.9112981196657184,-0.013846906116642965,0.19176841100059527,0.22702553756596502,0.03525712656536975
20260715,20260721,ood_all,0.35546386904880684,0.37918754027258833,0.023723671223781495,0.35514461830251304,0.3930772878141299,0.03793266951161689,0.48699213193456614,0.43381219161184204,-0.053179940322724106,4.618119890600505,4.044627306053137,-0.5734925845473686,1.0870011502312955,0.975115478342111,-0.11188567188918452,0.8421367502370792,0.826889479425972,-0.015247270811107216,0.40724062425392266,0.4422551564972407,0.03501453224331802
20260715,20260721,ood_background,0.6764676592427646,0.7435288641571283,0.06706120491436363,0.6818397344713134,0.74158368895211,0.05974395448079661,0.23332215078977006,0.16982313059358695,-0.06349902019618311,1.961292797399638,1.2836323814954271,-0.6776604159042108,0.5261112536962763,0.4220580155763309,-0.10405323811994543,0.9151618852610834,0.911406819545697,-0.0037550657153864186,0.2131421890468601,0.22930797449026163,0.016165785443401526
20260715,20260721,ood_broadening,0.6070780494131391,0.6387805852745773,0.03170253586143812,0.6040777619724989,0.6330014224751067,0.028923660502607862,0.30291600451191325,0.25036372206910856,-0.05255228244280469,2.7355729544477514,1.9775352237942323,-0.7580377306535191,0.6691082324677722,0.5862017554593336,-0.08290647700843856,0.906993766484412,0.8833651445442152,-0.02362862194019677,0.2347646054113441,0.29329211994061627,0.05852751452927216
20260715,20260721,ood_combo_background_noise,0.6415962317225608,0.6771318099619684,0.03553557823940767,0.6453295400663822,0.6728307254623044,0.027501185395922167,0.2617890171215624,0.2118309458718587,-0.049958071249703695,2.1663092957879138,1.5785329352420743,-0.5877763605458395,0.5920212103717913,0.523032305467605,-0.0689889049041863,0.9071185571879445,0.8846616713341631,-0.022456885853781472,0.23565466065963106,0.29900885565463975,0.06335419499500869
20260715,20260721,ood_combo_shift_broadening,0.6040480314692773,0.6407453924003969,0.03669736093111953,0.6012328117591276,0.6353722143195828,0.03413940256045522,0.30875465823553816,0.2470043285472973,-0.061750329688240846,2.8501655086749897,1.9341886535816029,-0.9159768550933869,0.6782967656000647,0.5817781858554595,-0.0965185797446052,0.9090815219001896,0.88237654286688,-0.026704979033309595,0.23566287525999147,0.30016484009747824,0.06450196483748677
20260715,20260721,ood_combo_texture_shift,0.5794663702911197,0.700296476673644,0.12083010638252434,0.5917496443812233,0.6998577524893315,0.10810810810810811,0.30919628767336416,0.19184012342935042,-0.11735616424401374,2.8227992086272886,1.449979955325909,-1.3728192533013797,0.6967346974242585,0.48076928925970025,-0.21596540816455828,0.9002488173823494,0.8916978759186819,-0.008550941463667527,0.2611013374844663,0.28086744102213534,0.019766103537669055
20260715,20260721,ood_noise,0.6638896305981391,0.7167056048838464,0.05281597428570728,0.6699857752489331,0.7136083451872925,0.043622569938359446,0.2488530368361783,0.18168658224425083,-0.06716645459192747,2.0193422428986474,1.3927596927148218,-0.6265825501838256,0.5562064728627574,0.4646594237728487,-0.09154704908990868,0.9173035854522286,0.8952949274315434,-0.02200865802068519,0.21451531234502683,0.2676293832269898,0.05311407088196299
20260715,20260721,ood_shift_negative,0.6855077969570376,0.7320057201294912,0.046497923172453604,0.6917970602181128,0.7306780464675201,0.03888098624940728,0.23017737875622338,0.17740352914592228,-0.0527738496103011,2.0361736428252697,1.3116688763606195,-0.7245047664646502,0.5243941795480962,0.43791958134920916,-0.08647459819888703,0.9219744389743362,0.9080815756134424,-0.013892863360893792,0.19746794679159618,0.23614876364858078,0.0386808168569846
20260715,20260721,ood_shift_positive,0.6733527136079777,0.7345619312767138,0.061209217668736104,0.6804172593646278,0.732574679943101,0.05215742057847317,0.24100407202021096,0.17620644133031055,-0.06479763068990041,2.054528610721216,1.3010398085917625,-0.7534888021294537,0.5348763677031754,0.4324304335879376,-0.10244593411523778,0.9214213313848388,0.9087533385564841,-0.012667992828354735,0.20116122559936186,0.23569941309763334,0.03453818749827148
20260715,20260721,ood_texture,0.5911567695912663,0.7040614579619712,0.11290468837070489,0.6026552868658132,0.7036510194404931,0.10099573257467998,0.2938577969416785,0.193340621666074,-0.10051717527560453,2.61558487875439,1.4413074645451305,-1.1742774142092594,0.6691773070121485,0.48054771483136566,-0.18862959218078285,0.8965130838074917,0.896991641106567,0.00047855729907531064,0.2642571148178101,0.26636265720591673,0.002105542388106618
20260715,20260722,in_range,0.6878026534721252,0.7413343940789627,0.05353174060683752,0.6941678520625889,0.7401612138454243,0.04599336178283542,0.2296940752430062,0.1701003789562589,-0.059593696286747294,1.9286309133398714,1.2844533989486757,-0.6441775143911956,0.5120460261020946,0.42235362073708316,-0.08969240536501144,0.923861927305595,0.9102615928016833,-0.013600334503911737,0.19477241357120784,0.23013287312408995,0.03536045955288211
20260715,20260722,level0,0.6864484135876925,0.744110633156908,0.05766221956921547,0.6927453769559033,0.7430061640587956,0.05026078710289228,0.23239964882645806,0.1699315989509246,-0.06246804987553345,1.9022006212540599,1.2785080536216615,-0.6236925676323983,0.515274071766433,0.41826162545446305,-0.09701244631196998,0.9251450257823614,0.9112981196657184,-0.013846906116642965,0.19176841100059527,0.22702553756596502,0.03525712656536975
20260715,20260722,ood_all,0.3670960368924573,0.4050077931406822,0.037911756248224904,0.36747273589378854,0.41299193930772876,0.045519203413940224,0.4784788129000711,0.413529534880275,-0.06494927801979611,4.456427339921533,4.134125386242041,-0.3223019536794922,1.0644523144013243,0.9613577249113321,-0.10309458948999217,0.8459515487938597,0.8265214741880038,-0.019430074605855885,0.39514437440647726,0.4397752759586098,0.04463090155213256
20260715,20260722,ood_background,0.6772863394632426,0.740583114355632,0.06329677489238938,0.6823138928402086,0.7392128971076339,0.056899004267425335,0.23812068904842346,0.17322743950776437,-0.06489324954065909,1.9657260001447787,1.2879606577617186,-0.6777653423830601,0.5313224189800287,0.42408069590045844,-0.1072417230795703,0.9200532640988027,0.9116061605396515,-0.008447103559151237,0.20375877766308373,0.22918487835771362,0.02542610069462989
20260715,20260722,ood_broadening,0.6055247680085227,0.652309378321637,0.046784610313114317,0.6036036036036037,0.6477003319108582,0.04409672830725453,0.30384128474691796,0.23789553327999052,-0.06594575146692744,2.759924055320344,1.914631166970162,-0.8452928883501822,0.6698863225203563,0.5732704252879393,-0.09661589723241704,0.9074448883505216,0.8852381627104078,-0.022206725640113834,0.23225704196087202,0.29034098954625376,0.05808394758538174
20260715,20260722,ood_combo_background_noise,0.6478163812108072,0.6786906413212996,0.030874260110492435,0.65149359886202,0.6742532005689901,0.022759601706970112,0.2588939422564011,0.20376816989687052,-0.05512577235953059,2.133847965533239,1.6146551435812972,-0.5191928219519417,0.5854168107287109,0.5268618190140698,-0.05855499171464107,0.9094681647107634,0.8780213704658606,-0.03144679424490282,0.2360256956794638,0.31581542594466966,0.07978973026520586
20260715,20260722,ood_combo_shift_broadening,0.6100624860992213,0.6384027904242623,0.028340304325040977,0.6083451872925557,0.6348980559506875,0.02655286865813178,0.3012087565567212,0.24458491694819817,-0.05662383960852302,2.9260028629896486,1.989922174823883,-0.9360806881657657,0.6814615397952887,0.5875039773295688,-0.09395756246571985,0.9088665531279635,0.8794829728988858,-0.02938358022907772,0.23458461704451444,0.301367250735048,0.06678263369053355
20260715,20260722,ood_combo_texture_shift,0.5771539682918883,0.6932363780225528,0.11608240973066453,0.5884305357989569,0.6932195353247985,0.10478899952584164,0.3030639474795519,0.1956285284050498,-0.1074354190745021,2.7326944148767507,1.4143289332327338,-1.318365481644017,0.6917216442132692,0.48932211461405084,-0.20239952959921836,0.8914944832785088,0.8888480637298483,-0.002646419548660517,0.2738063035503097,0.2869934690413488,0.013187165491039099
20260715,20260722,ood_noise,0.6680247861299943,0.7102144060639579,0.04218961993396364,0.6742532005689901,0.7074442863916548,0.03319108582266472,0.24443315385698203,0.19033649963697247,-0.05409665422000956,2.0328236885325977,1.4239049775181742,-0.6089187110144234,0.5476016392865893,0.4681397965664082,-0.07946184272018114,0.918686354425972,0.8977807860286273,-0.020905568397344698,0.21197627029310848,0.26369384943553975,0.051717579142431275
20260715,20260722,ood_shift_negative,0.6895381470520051,0.7312617904394011,0.04172364338739598,0.6955903271692745,0.7297297297297297,0.03413940256045522,0.2268191428476174,0.1775073670504386,-0.0493117757971788,2.0454713880416864,1.3043698347451764,-0.74110155329651,0.5206853635948763,0.43561556583347766,-0.08506979776139861,0.9213025602699739,0.9068928226129089,-0.014409737657064992,0.19854721912374118,0.23847821059516155,0.039930991471420374
20260715,20260722,ood_shift_positive,0.6784776862170675,0.7357655232368476,0.05728783701978013,0.6846846846846847,0.7344713134186819,0.049786628733997196,0.23534936303490986,0.1777335646707563,-0.057615798364153564,2.0294788414018727,1.3128165731387005,-0.7166622682631723,0.5317006588543871,0.4340261883022765,-0.09767447055211059,0.9200340477195946,0.9099301681410028,-0.010103879578591823,0.20613157274034438,0.23127471246652548,0.025143139726181096
20260715,20260722,ood_texture,0.5812000715661604,0.7008128860506765,0.1196128144845161,0.5931721194879089,0.701280227596017,0.10810810810810811,0.3042771261187174,0.194384325731982,-0.10989280038673538,2.584963864780031,1.3972048765791187,-1.187758988200912,0.680187682128109,0.47631276938822203,-0.20387491273988695,0.8974492456066263,0.8956645533279991,-0.001784692278627209,0.2604933451325546,0.26810295639754844,0.007609611264993821
20260715,20260723,in_range,0.6868154437099312,0.742083297985241,0.05526785427530978,0.692271218587008,0.74158368895211,0.049312470365102,0.23162381645625885,0.1712730411332385,-0.060350775323020356,1.9403316741744028,1.2897815746693873,-0.6505500995050155,0.5253189809808131,0.42258494597838303,-0.10273403500243006,0.923895035043267,0.9126701228366524,-0.01122491220661459,0.19512268690668533,0.2275435154709844,0.032420828564299065
20260715,20260723,level0,0.6864484135876925,0.744110633156908,0.05766221956921547,0.6927453769559033,0.7430061640587956,0.05026078710289228,0.23239964882645806,0.1699315989509246,-0.06246804987553345,1.9022006212540599,1.2785080536216615,-0.6236925676323983,0.515274071766433,0.41826162545446305,-0.09701244631196998,0.9251450257823614,0.9112981196657184,-0.013846906116642965,0.19176841100059527,0.22702553756596502,0.03525712656536975
20260715,20260723,ood_all,0.3666177064245523,0.3782254444099341,0.011607737985381783,0.3660502607871029,0.3892840208629682,0.023233760075865306,0.4742913786525011,0.43487302835318864,-0.039418350299312455,4.451162593635841,4.138639911635086,-0.31252268200075495,1.062860577474001,0.9836087202690077,-0.07925185720499328,0.840341639439604,0.8236101927379682,-0.016731446701635844,0.4079144602922839,0.4486180777055473,0.04070361741326339
20260715,20260723,ood_background,0.6794615019155664,0.7402650441370264,0.060803542221460005,0.6846846846846847,0.7387387387387387,0.05405405405405406,0.23349741342905406,0.17147921204510436,-0.0620182013839497,1.9826042758334552,1.284148902149212,-0.6984553736842432,0.5341576869772182,0.42423934623100606,-0.10991834074621215,0.9181820981137387,0.910217950783843,-0.007964147329895699,0.20778944434108085,0.23180522097616968,0.02401577663508883
20260715,20260723,ood_broadening,0.6089325331782222,0.6406771142975465,0.03174458111932432,0.6069227121858701,0.6348980559506875,0.027975343764817362,0.30638595009483166,0.24726930620999288,-0.05911664388483878,2.7214330362332673,1.9779170182899322,-0.7435160179433351,0.670393846411847,0.5796524666309342,-0.09074137978091279,0.9127594905761024,0.8821673621606804,-0.030592128415422026,0.2246319072553424,0.29494591768152695,0.07031401042618454
20260715,20260723,ood_combo_background_noise,0.6447279362650724,0.6701475625614345,0.025419626296362074,0.6486486486486487,0.665244191559981,0.01659554291133236,0.2623731487449621,0.21276965442004503,-0.04960349432491706,2.205506211960148,1.624555560695129,-0.5809506512650189,0.5945845939579296,0.5371338550962282,-0.05745073886170138,0.9110217973936107,0.8780138459800261,-0.03300795141358459,0.23162579470991834,0.3140781977330472,0.08245240302312884
20260715,20260723,ood_combo_shift_broadening,0.589114604965375,0.6303623114813207,0.04124770651594567,0.5870080606922712,0.6254148885727833,0.038406827880512084,0.31439559162369607,0.2562878076472854,-0.05810778397641064,2.931634415476604,1.9825907897842179,-0.9490436256923862,0.7021935384353379,0.595348502860443,-0.10684503557489489,0.9014036523159673,0.8817026962200688,-0.019700956095898503,0.24898711000968804,0.29735385832509287,0.04836674831540483
20260715,20260723,ood_combo_texture_shift,0.577441514360065,0.6959038941480105,0.1184623797879455,0.5893788525367473,0.6960644855381698,0.10668563300142253,0.30635203202791605,0.1976931315567212,-0.10865890047119486,2.654704533281478,1.4634046698767949,-1.191299863404683,0.6842842307025317,0.4894623001077652,-0.19482193059476655,0.8957308845646633,0.893757617094891,-0.001973267469772333,0.27082728426373043,0.27772216731500704,0.006894883051276612
20260715,20260723,ood_noise,0.6664431384562898,0.7211782143096329,0.05473507585334314,0.6728307254623044,0.7188240872451399,0.04599336178283553,0.24413877281887147,0.1807360660413703,-0.06340270677750118,2.0078070154378516,1.4385355209990744,-0.5692714944387771,0.549273788660627,0.4629844801620244,-0.08628930849860261,0.9156648681987909,0.8986259594298246,-0.0170389087689663,0.2180428913501243,0.2640468956013613,0.04600400425123699
20260715,20260723,ood_shift_negative,0.6856701240969921,0.7289383517227332,0.04326822762574112,0.6917970602181128,0.7273589378852536,0.03556187766714081,0.23344659420934094,0.1797196816471076,-0.05372691256223333,2.0288258066373563,1.3061161914422776,-0.7227096151950787,0.5268794879968027,0.43695592989573073,-0.089923558101072,0.9248982226469891,0.9070786195323614,-0.017819603114627713,0.19379044403601114,0.23858186258061148,0.04479141854460034
20260715,20260723,ood_shift_positive,0.6821597761250554,0.7344762461090705,0.05231646998401507,0.6889521100047415,0.7330488383119962,0.04409672830725464,0.22954902630838073,0.1754329241865221,-0.054116102121858634,2.0422495831392498,1.3055303579687556,-0.7367192251704942,0.5259845840574026,0.4337066409299338,-0.09227794312746879,0.9172201215401257,0.9084817624985183,-0.008738359041607358,0.20995269506555703,0.23530981420054148,0.02535711913498445
20260715,20260723,ood_texture,0.5793794890262399,0.7060558321768386,0.12667634315059872,0.5912754860123282,0.7069701280227596,0.11569464201043145,0.30338263839497387,0.19205937537043624,-0.11132326302453763,2.608282157857256,1.4251834818190268,-1.1830986760382294,0.6852094131170964,0.4742314397476852,-0.21097797336941115,0.8942395314722618,0.8985514091394026,0.0043118776671408066,0.26637891956402554,0.2643334023155706,-0.00204551724845492
